-- phpMyAdmin SQL Dump
-- version 5.0.2
-- https://www.phpmyadmin.net/
--
-- Host: 127.0.0.1
-- Generation Time: Mar 19, 2021 at 08:10 PM
-- Server version: 10.4.11-MariaDB
-- PHP Version: 7.3.18

SET SQL_MODE = "NO_AUTO_VALUE_ON_ZERO";
START TRANSACTION;
SET time_zone = "+00:00";


/*!40101 SET @OLD_CHARACTER_SET_CLIENT=@@CHARACTER_SET_CLIENT */;
/*!40101 SET @OLD_CHARACTER_SET_RESULTS=@@CHARACTER_SET_RESULTS */;
/*!40101 SET @OLD_COLLATION_CONNECTION=@@COLLATION_CONNECTION */;
/*!40101 SET NAMES utf8mb4 */;

--
-- Database: `elmokhtar`
--

-- --------------------------------------------------------

--
-- Table structure for table `answer`
--

CREATE TABLE `answer` (
  `id` int(11) NOT NULL,
  `exam_id` int(11) NOT NULL,
  `mark` int(11) NOT NULL,
  `user_id` int(11) NOT NULL,
  `date` date DEFAULT NULL,
  `lesson_id` int(11) DEFAULT NULL,
  `answer` varchar(255) NOT NULL
) ENGINE=InnoDB DEFAULT CHARSET=utf8;

--
-- Dumping data for table `answer`
--

INSERT INTO `answer` (`id`, `exam_id`, `mark`, `user_id`, `date`, `lesson_id`, `answer`) VALUES
(8, 15, 9, 283, '2021-01-20', NULL, ''),
(11, 15, 12, 283, '2021-01-20', NULL, ''),
(12, 15, 7, 270, '2021-01-20', NULL, ''),
(13, 15, 6, 382, '2021-01-20', NULL, ''),
(14, 15, 5, 382, '2021-01-20', NULL, ''),
(15, 15, 5, 382, '2021-01-20', NULL, ''),
(16, 15, 8, 329, '2021-01-21', NULL, ''),
(17, 15, 11, 320, '2021-01-21', NULL, ''),
(18, 15, 9, 232, '2021-01-21', NULL, ''),
(19, 15, 3, 333, '2021-01-21', NULL, ''),
(20, 15, 3, 333, '2021-01-21', NULL, ''),
(21, 15, 7, 326, '2021-01-21', NULL, ''),
(22, 15, 8, 326, '2021-01-21', NULL, ''),
(23, 15, 7, 349, '2021-01-21', NULL, ''),
(24, 15, 8, 349, '2021-01-21', NULL, ''),
(25, 15, 9, 349, '2021-01-21', NULL, ''),
(26, 15, 10, 349, '2021-01-21', NULL, ''),
(27, 15, 10, 349, '2021-01-21', NULL, ''),
(28, 15, 9, 233, '2021-01-21', NULL, ''),
(29, 15, 7, 381, '2021-01-21', NULL, ''),
(30, 15, 1, 268, '2021-01-21', NULL, ''),
(31, 15, 5, 266, '2021-01-21', NULL, ''),
(32, 15, 8, 343, '2021-01-21', NULL, ''),
(33, 15, 4, 257, '2021-01-21', NULL, ''),
(34, 15, 5, 327, '2021-01-21', NULL, ''),
(35, 15, 9, 405, '2021-01-21', NULL, ''),
(36, 15, 4, 231, '2021-01-21', NULL, ''),
(37, 15, 9, 327, '2021-01-21', NULL, ''),
(38, 15, 10, 405, '2021-01-21', NULL, ''),
(39, 15, 11, 405, '2021-01-21', NULL, ''),
(40, 15, 11, 257, '2021-01-21', NULL, ''),
(41, 15, 11, 405, '2021-01-21', NULL, ''),
(42, 15, 11, 405, '2021-01-21', NULL, ''),
(43, 15, 6, 293, '2021-01-21', NULL, ''),
(44, 15, 7, 293, '2021-01-21', NULL, ''),
(45, 15, 11, 293, '2021-01-21', NULL, ''),
(46, 15, 10, 293, '2021-01-21', NULL, ''),
(47, 15, 12, 293, '2021-01-21', NULL, ''),
(48, 15, 12, 283, '2021-01-21', NULL, ''),
(49, 15, 4, 359, '2021-01-22', NULL, ''),
(50, 15, 11, 258, '2021-01-22', NULL, ''),
(51, 15, 2, 1, '2021-01-22', NULL, ''),
(52, 16, 3, 1, '2021-01-26', NULL, ''),
(53, 15, 2, 269, '2021-01-26', NULL, ''),
(54, 16, 11, 349, '2021-01-27', NULL, ''),
(55, 16, 15, 320, '2021-01-27', NULL, ''),
(56, 16, 18, 283, '2021-01-28', NULL, ''),
(57, 18, 18, 309, '2021-01-29', NULL, ''),
(58, 18, 16, 338, '2021-01-29', NULL, ''),
(59, 18, 11, 250, '2021-01-29', NULL, ''),
(60, 18, 8, 458, '2021-01-29', NULL, ''),
(61, 18, 11, 299, '2021-01-29', NULL, ''),
(62, 16, 12, 273, '2021-01-29', NULL, ''),
(63, 18, 18, 274, '2021-01-29', NULL, ''),
(64, 16, 11, 231, '2021-01-29', NULL, ''),
(65, 16, 16, 405, '2021-01-29', NULL, ''),
(66, 16, 17, 233, '2021-01-30', NULL, ''),
(67, 16, 16, 381, '2021-01-30', NULL, ''),
(68, 15, 3, 291, '2021-01-30', NULL, ''),
(69, 16, 0, 232, '2021-01-31', NULL, ''),
(70, 18, 17, 460, '2021-02-01', NULL, ''),
(71, 16, 16, 329, '2021-02-03', NULL, ''),
(72, 18, 15, 471, '2021-02-07', NULL, ''),
(73, 15, 3, 479, '2021-02-13', NULL, ''),
(74, 16, 5, 479, '2021-02-13', NULL, ''),
(75, 15, 5, 484, '2021-02-18', NULL, ''),
(76, 16, 7, 462, '2021-02-20', NULL, ''),
(77, 20, 9, 484, '2021-02-20', NULL, ''),
(78, 20, 5, 410, '2021-02-20', NULL, ''),
(79, 20, 10, 231, '2021-02-20', NULL, ''),
(80, 20, 11, 293, '2021-02-20', NULL, ''),
(81, 20, 7, 479, '2021-02-20', NULL, ''),
(82, 15, 8, 473, '2021-02-20', NULL, ''),
(83, 20, 10, 320, '2021-02-20', NULL, ''),
(84, 20, 8, 270, '2021-02-21', NULL, ''),
(85, 20, 7, 273, '2021-02-21', NULL, ''),
(86, 20, 7, 483, '2021-02-21', NULL, ''),
(87, 20, 11, 258, '2021-02-21', NULL, ''),
(88, 20, 7, 405, '2021-02-21', NULL, ''),
(89, 15, 7, 304, '2021-02-21', NULL, ''),
(90, 20, 4, 382, '2021-02-21', NULL, ''),
(91, 20, 7, 351, '2021-02-21', NULL, ''),
(92, 15, 6, 480, '2021-02-21', NULL, ''),
(93, 20, 9, 304, '2021-02-21', NULL, ''),
(94, 20, 6, 462, '2021-02-21', NULL, ''),
(95, 20, 5, 381, '2021-02-21', NULL, ''),
(96, 15, 5, 488, '2021-02-21', NULL, ''),
(97, 20, 7, 232, '2021-02-21', NULL, ''),
(98, 20, 7, 282, '2021-02-22', NULL, ''),
(99, 16, 12, 352, '2021-02-23', NULL, ''),
(100, 15, 6, 527, '2021-02-28', NULL, '');

-- --------------------------------------------------------

--
-- Table structure for table `benfits`
--

CREATE TABLE `benfits` (
  `benfit_id` int(11) NOT NULL,
  `description` varchar(225) NOT NULL,
  `benfit_image` varchar(225) NOT NULL,
  `benfit_date` date NOT NULL
) ENGINE=InnoDB DEFAULT CHARSET=utf8mb4;

-- --------------------------------------------------------

--
-- Table structure for table `category`
--

CREATE TABLE `category` (
  `category_id` int(11) NOT NULL,
  `category_name` varchar(255) NOT NULL,
  `category_description` text NOT NULL,
  `ordering` int(11) DEFAULT 0,
  `parent` int(11) NOT NULL,
  `Visibility` tinyint(4) NOT NULL,
  `Allow_Comment` tinyint(4) NOT NULL,
  `Allow_Ads` tinyint(4) NOT NULL,
  `image` varchar(255) NOT NULL
) ENGINE=InnoDB DEFAULT CHARSET=utf8;

--
-- Dumping data for table `category`
--

INSERT INTO `category` (`category_id`, `category_name`, `category_description`, `ordering`, `parent`, `Visibility`, `Allow_Comment`, `Allow_Ads`, `image`) VALUES
(1, 'الصف الاول الاعدادى', 'الصف الاول الاعدادى', 1, 0, 1, 0, 0, '94193_3d-chemical-laboratory-tubes-flask-set_208581-501.jpg'),
(2, 'الصف  الثانى الاعدادى', 'الصف  الثانى الاعدادى', 2, 0, 1, 0, 0, '82420_3d-chemical-laboratory-tubes-flask-set_208581-501.jpg'),
(3, 'الصف الثالث الاعدادى', 'الصف الثالث الاعدادى', 3, 0, 1, 0, 0, '82420_3d-chemical-laboratory-tubes-flask-set_208581-501.jpg'),
(4, 'الصف  الاول الثانوى', 'الصف  الاول الثانوى', 4, 0, 1, 0, 0, '9820_3d-chemical-laboratory-tubes-flask-set_208581-501.jpg'),
(5, 'الصف  الثانى الثانوى', 'الصف  الثانى الثانوى', 5, 0, 1, 0, 0, '48875_3d-chemical-laboratory-tubes-flask-set_208581-501.jpg'),
(6, 'الصف الثالث الثانوى', 'الصف الثالث الثانوى', 6, 0, 1, 0, 0, '61834_3d-chemical-laboratory-tubes-flask-set_208581-501.jpg'),
(13, 'التجارب', 'التجارب', 0, 1, 1, 0, 0, '98572_3d-chemical-laboratory-tubes-flask-set_208581-501.jpg'),
(14, 'التجارب', 'التجارب', 0, 2, 1, 0, 0, '7634_3d-chemical-laboratory-tubes-flask-set_208581-501.jpg'),
(15, 'التجارب', 'التجارب', 0, 3, 1, 0, 0, '1000_3d-chemical-laboratory-tubes-flask-set_208581-501.jpg'),
(16, 'التجارب', 'التجارب', 0, 4, 1, 0, 0, '17797_3d-chemical-laboratory-tubes-flask-set_208581-501.jpg'),
(17, 'التجارب', 'التجارب', 0, 5, 1, 0, 0, '62804_3d-chemical-laboratory-tubes-flask-set_208581-501.jpg'),
(18, 'التجارب', 'التجارب', 0, 6, 1, 0, 0, '64874_3d-chemical-laboratory-tubes-flask-set_208581-501.jpg'),
(22, 'الباب الثاني', 'الكيمياء الكمية', 0, 6, 1, 0, 0, '64874_3d-chemical-laboratory-tubes-flask-set_208581-501.jpg'),
(23, 'الباب الثالث ', 'الاتزان الكيميائي ', 0, 6, 1, 0, 0, '64874_3d-chemical-laboratory-tubes-flask-set_208581-501.jpg'),
(24, 'الباب الرابع ', 'الكيمياء الكهربية', 0, 6, 1, 0, 0, '64874_3d-chemical-laboratory-tubes-flask-set_208581-501.jpg'),
(25, 'الباب الخامس', 'الكيمياء العضوية', 0, 6, 1, 0, 0, '64874_3d-chemical-laboratory-tubes-flask-set_208581-501.jpg'),
(26, 'الباب الاول', 'الكيمياء مركز العلوم ', 0, 4, 1, 0, 0, '64874_3d-chemical-laboratory-tubes-flask-set_208581-501.jpg'),
(27, 'الباب الثاني', 'الكيمياء الكمية', 0, 4, 1, 0, 0, '64874_3d-chemical-laboratory-tubes-flask-set_208581-501.jpg'),
(28, 'الباب الاول', 'العناصر الانتقالية', 0, 6, 1, 0, 0, '64874_3d-chemical-laboratory-tubes-flask-set_208581-501.jpg'),
(30, 'الباب الاول', 'بنية الذرة ( تركيب الذرة )', 0, 5, 1, 0, 0, '64874_3d-chemical-laboratory-tubes-flask-set_208581-501.jpg'),
(31, 'الباب الثاني ', 'الجدول الدوري الحديث ', 0, 5, 1, 0, 0, '64874_3d-chemical-laboratory-tubes-flask-set_208581-501.jpg'),
(32, 'الباب الثالث', 'الاحماض - القلويات الاملاح ', 0, 4, 1, 0, 0, '64874_3d-chemical-laboratory-tubes-flask-set_208581-501.jpg'),
(33, 'المراجعات ', 'المراجعة النهائية ', 0, 4, 1, 0, 0, '42247_10504.jpg'),
(34, 'المراجعة النهائية ', 'المراجعة', 0, 5, 0, 0, 0, '93960_صورة اقسام المنصة.jpg'),
(35, 'الباب الثالث', 'الاتحاد الكيميائي ', 0, 5, 0, 0, 0, '3316_صورة اقسام المنصة.jpg');

-- --------------------------------------------------------

--
-- Table structure for table `comments`
--

CREATE TABLE `comments` (
  `comment_id` int(11) NOT NULL,
  `comment` text NOT NULL,
  `comment_data` date NOT NULL,
  `status` tinyint(4) NOT NULL DEFAULT 0,
  `member_id` int(11) NOT NULL,
  `post_id` int(11) DEFAULT NULL,
  `lesson_id` int(11) DEFAULT NULL,
  `message_id` int(11) DEFAULT NULL
) ENGINE=InnoDB DEFAULT CHARSET=utf8;

-- --------------------------------------------------------

--
-- Table structure for table `events`
--

CREATE TABLE `events` (
  `events_id` int(11) NOT NULL,
  `events_name` varchar(255) CHARACTER SET utf8 NOT NULL,
  `events_description` text CHARACTER SET utf8 NOT NULL,
  `events_time` time DEFAULT NULL,
  `events_date` date DEFAULT NULL,
  `cat_id` int(11) DEFAULT NULL
) ENGINE=InnoDB DEFAULT CHARSET=utf8mb4;

-- --------------------------------------------------------

--
-- Table structure for table `exams`
--

CREATE TABLE `exams` (
  `exam_id` int(11) NOT NULL,
  `exam_name` varchar(255) NOT NULL,
  `exam_date` date NOT NULL,
  `categ_id` int(11) NOT NULL,
  `member_id` int(11) NOT NULL,
  `lesson_id` int(11) DEFAULT NULL,
  `link` varchar(225) NOT NULL,
  `exam_desc` text DEFAULT NULL,
  `number` int(11) DEFAULT 10,
  `type` int(11) NOT NULL DEFAULT 0,
  `time` int(11) NOT NULL DEFAULT 1800
) ENGINE=InnoDB DEFAULT CHARSET=utf8;

--
-- Dumping data for table `exams`
--

INSERT INTO `exams` (`exam_id`, `exam_name`, `exam_date`, `categ_id`, `member_id`, `lesson_id`, `link`, `exam_desc`, `number`, `type`, `time`) VALUES
(15, 'إمتحان علي الاملاح', '2021-01-20', 32, 1, 81, '', NULL, 12, 0, 1800),
(16, 'إمتحان شامل ', '2021-01-26', 32, 1, 85, '', NULL, 20, 0, 1800),
(18, 'إمتحان شامل (1) ', '2021-01-29', 31, 1, 94, '', NULL, 21, 0, 1800),
(20, 'امتحان علي الباب الثالث ', '2021-02-20', 32, 1, 103, '', NULL, 15, 0, 1800);

-- --------------------------------------------------------

--
-- Table structure for table `lessons`
--

CREATE TABLE `lessons` (
  `lesson_id` int(11) NOT NULL,
  `lesson_name` varchar(255) NOT NULL,
  `lesson_description` text NOT NULL,
  `video` varchar(255) NOT NULL,
  `lesson_data` date NOT NULL,
  `member_id` int(11) NOT NULL,
  `cat_id` int(11) NOT NULL,
  `video_name` varchar(225) DEFAULT NULL,
  `allow_comments` tinyint(4) NOT NULL DEFAULT 0,
  `Approve` tinyint(1) NOT NULL DEFAULT 0,
  `pdf` varchar(255) DEFAULT NULL
) ENGINE=InnoDB DEFAULT CHARSET=utf8;

--
-- Dumping data for table `lessons`
--

INSERT INTO `lessons` (`lesson_id`, `lesson_name`, `lesson_description`, `video`, `lesson_data`, `member_id`, `cat_id`, `video_name`, `allow_comments`, `Approve`, `pdf`) VALUES
(77, 'سلسلة الجهود الكهربية ٣ث', 'سلسلة الجهود الكهربية ٣ث\r\n', '<iframe width=\"560\" height=\"500\" src=\"https://www.youtube.com/embed/sGWUxT1Obm4\" frameborder=\"0\" allow=\"accelerometer; autoplay; clipboard-write; encrypted-media; gyroscope; picture-in-picture\" allowfullscreen></iframe>', '2021-01-11', 1, 19, '', 0, 1, 'https://drive.google.com/file/d/1z9-xlRCYWijHxorxmFxBunAPV6BEqVZ4/view?usp=sharing'),
(81, 'الاملاح', 'تحضيرها \r\nتسميتها\r\nتصنيفها', '<iframe width=\"560\" height=\"315\" src=\"https://www.youtube.com/embed/oZPCTgNxF64\" frameborder=\"0\" allow=\"accelerometer; autoplay; clipboard-write; encrypted-media; gyroscope; picture-in-picture\" allowfullscreen></iframe>', '2021-01-19', 1, 32, '', 0, 1, 'https://drive.google.com/file/d/1qwoT5F4wEpK3KVAwMKod3qgoc08ZwEtT/view?usp=sharing'),
(82, 'عدد التاكسد ', 'كيفية حساب عدد التاكسد ', '<iframe width=\"560\" height=\"315\" src=\"https://www.youtube.com/embed/OdAGpXPrDCY\" frameborder=\"0\" allow=\"accelerometer; autoplay; clipboard-write; encrypted-media; gyroscope; picture-in-picture\" allowfullscreen></iframe>', '2021-01-19', 1, 31, '', 0, 1, 'https://drive.google.com/file/d/1f4fE9wMGJZZ1E1JIzLtDnsNfhpUDaH9Y/view?usp=sharing'),
(83, 'الاكسدة والاختزال .', 'حالات الاكسدة والاختزال', '<iframe width=\"560\" height=\"315\" src=\"https://www.youtube.com/embed/sCTAd6aBMm8\" frameborder=\"0\" allow=\"accelerometer; autoplay; clipboard-write; encrypted-media; gyroscope; picture-in-picture\" allowfullscreen></iframe>', '2021-01-19', 1, 31, '', 0, 1, 'https://drive.google.com/file/d/1f4fE9wMGJZZ1E1JIzLtDnsNfhpUDaH9Y/view?usp=sharing'),
(84, 'حل اسئلة علي عدد التاكسد والاكسدة والاختزال', 'احل اسئلة علي عدد التاكسد والاكسدة والاختزال', '<iframe width=\"560\" height=\"315\" src=\"https://www.youtube.com/embed/159_AnAQYBU\" frameborder=\"0\" allow=\"accelerometer; autoplay; clipboard-write; encrypted-media; gyroscope; picture-in-picture\" allowfullscreen></iframe>', '2021-01-21', 1, 31, '', 0, 1, 'https://drive.google.com/file/d/1f4fE9wMGJZZ1E1JIzLtDnsNfhpUDaH9Y/view?usp=sharing'),
(85, 'حل اسئلة علي الاملاح ', 'حل اسئلة علي الاملاح  (الجزء الاول ) ', '<iframe width=\"560\" height=\"315\" src=\"https://www.youtube.com/embed/wJP3e52xK-4\" frameborder=\"0\" allow=\"accelerometer; autoplay; clipboard-write; encrypted-media; gyroscope; picture-in-picture\" allowfullscreen></iframe>', '2021-01-21', 1, 32, '', 0, 1, 'https://drive.google.com/file/d/1qwoT5F4wEpK3KVAwMKod3qgoc08ZwEtT/view?usp=sharing'),
(86, 'تاكل المعادن ', 'تاكل المعادن  ', '<iframe width=\"560\" height=\"315\" src=\"https://www.youtube.com/embed/lP3rHyvs2gA\" frameborder=\"0\" allow=\"accelerometer; autoplay; clipboard-write; encrypted-media; gyroscope; picture-in-picture\" allowfullscreen></iframe>', '2021-01-22', 1, 0, '', 0, 1, 'https://drive.google.com/drive/folders/18DkzZCZHNTAIZOT-vT2W0E_wy00cuvsp?usp=sharing'),
(87, 'تاكل المعادن ', 'تاكل المعادن ', '<iframe width=\"560\" height=\"315\" src=\"https://www.youtube.com/embed/lP3rHyvs2gA\" frameborder=\"0\" allow=\"accelerometer; autoplay; clipboard-write; encrypted-media; gyroscope; picture-in-picture\" allowfullscreen></iframe>', '2021-01-22', 1, 24, '', 0, 1, 'https://drive.google.com/file/d/1FLvBycjPYxkpev83zSPOlWpXSaWUiznY/view?usp=sharing'),
(88, 'حل اسئلة علي الدرس الاول باب رابع ', 'حل اسئلة الدرس الاول باب رابع ', '<iframe width=\"560\" height=\"315\" src=\"https://www.youtube.com/embed/uaKV_UMKHJI\" frameborder=\"0\" allow=\"accelerometer; autoplay; clipboard-write; encrypted-media; gyroscope; picture-in-picture\" allowfullscreen></iframe>', '2021-01-23', 1, 24, '', 0, 1, 'https://drive.google.com/file/d/1FLvBycjPYxkpev83zSPOlWpXSaWUiznY/view?usp=sharing'),
(89, 'المعادلة الايونية ', 'المعادلة الايوونية ', '<iframe width=\"560\" height=\"315\" src=\"https://www.youtube.com/embed/7EYH9pBHock\" frameborder=\"0\" allow=\"accelerometer; autoplay; clipboard-write; encrypted-media; gyroscope; picture-in-picture\" allowfullscreen></iframe>', '2021-01-23', 1, 27, '', 0, 1, 'https://drive.google.com/file/d/1ePHuGeZWQDntYdFCr1B71cXCMt67pV5W/view?usp=sharing'),
(90, 'حل مسائل الباب الثاني (الجزء الاول )', 'حل مسائل الباب الثاني ', '<iframe width=\"560\" height=\"315\" src=\"https://www.youtube.com/embed/e5S70SThwoE\" frameborder=\"0\" allow=\"accelerometer; autoplay; clipboard-write; encrypted-media; gyroscope; picture-in-picture\" allowfullscreen></iframe>', '2021-01-26', 1, 27, '', 0, 1, 'https://drive.google.com/file/d/1ePHuGeZWQDntYdFCr1B71cXCMt67pV5W/view?usp=sharing'),
(91, 'الباب الثاني حتي ما قبل نصف القطر ', 'الباب الثاني حتي ما قبل نصف القطر ', '<iframe width=\"560\" height=\"315\" src=\"https://www.youtube.com/embed/sWZmpGAsX7w\" frameborder=\"0\" allow=\"accelerometer; autoplay; clipboard-write; encrypted-media; gyroscope; picture-in-picture\" allowfullscreen></iframe>', '2021-01-26', 1, 31, '', 0, 1, 'https://drive.google.com/file/d/1f4fE9wMGJZZ1E1JIzLtDnsNfhpUDaH9Y/view?usp=sharing'),
(92, 'حل اسئلة علي الخلايا الثانوية وتاكل المعادن ', 'حل اسئلة ', '<iframe width=\"560\" height=\"315\" src=\"https://www.youtube.com/embed/PNRUphhs7so\" frameborder=\"0\" allow=\"accelerometer; autoplay; clipboard-write; encrypted-media; gyroscope; picture-in-picture\" allowfullscreen></iframe>', '2021-01-26', 1, 24, '', 0, 1, 'https://drive.google.com/file/d/1FbWAjEY-BKzvWGcsgI9SH-MjvULOUBn3/view?usp=sharing'),
(93, 'التحليل الكهربي ', 'التحليل الكهربي ', '<iframe width=\"560\" height=\"315\" src=\"https://www.youtube.com/embed/UlgmVnrrorI\" frameborder=\"0\" allow=\"accelerometer; autoplay; clipboard-write; encrypted-media; gyroscope; picture-in-picture\" allowfullscreen></iframe>', '2021-01-26', 1, 24, '', 0, 1, 'https://drive.google.com/file/d/1FbWAjEY-BKzvWGcsgI9SH-MjvULOUBn3/view?usp=sharing'),
(94, 'نصف قطر الذرة ', 'نصف قطر الذرة - تدرجه - مسائل ', '<iframe width=\"560\" height=\"315\" src=\"https://www.youtube.com/embed/bo8PipShFjc\" frameborder=\"0\" allow=\"accelerometer; autoplay; clipboard-write; encrypted-media; gyroscope; picture-in-picture\" allowfullscreen></iframe>', '2021-01-27', 1, 31, '', 0, 1, 'https://drive.google.com/file/d/1bRm5D_zq7VfG6DW_iiGsWtVK5GDdpvDy/view?usp=sharing'),
(95, 'تطبيقات التحليل الكهربي', 'تطبيقات التحليل الكهربي', '<iframe width=\"560\" height=\"315\" src=\"https://www.youtube.com/embed/-EvF2OrCcLY\" frameborder=\"0\" allow=\"accelerometer; autoplay; clipboard-write; encrypted-media; gyroscope; picture-in-picture\" allowfullscreen></iframe>', '2021-01-30', 1, 24, '', 0, 1, 'https://drive.google.com/file/d/1FbWAjEY-BKzvWGcsgI9SH-MjvULOUBn3/view?usp=sharing'),
(96, 'تدرج خواص العناصر بالجدول الدوري', 'تدرج خواص العناصر بالجدول الدوري 2ث', '<iframe width=\"560\" height=\"315\" src=\"https://www.youtube.com/embed/j4nh36oV5EM\" frameborder=\"0\" allow=\"accelerometer; autoplay; clipboard-write; encrypted-media; gyroscope; picture-in-picture\" allowfullscreen></iframe>', '2021-01-30', 1, 31, '', 0, 1, 'https://drive.google.com/file/d/1bRm5D_zq7VfG6DW_iiGsWtVK5GDdpvDy/view?usp=sharing'),
(97, 'حل اسئلة علي خواص العناصر باب اول ازهر', 'حل اسئلة علي خواص العناصر باب اول ازهر', '<iframe width=\"560\" height=\"315\" src=\"https://www.youtube.com/embed/FCeZZeD0sVU\" frameborder=\"0\" allow=\"accelerometer; autoplay; clipboard-write; encrypted-media; gyroscope; picture-in-picture\" allowfullscreen></iframe>', '2021-01-30', 1, 28, '', 0, 1, ''),
(98, 'حل اسئلة علي الحديد 3ث ازهر ', 'حل اسئلة الحديد 3ث ازهر', '<iframe width=\"560\" height=\"315\" src=\"https://www.youtube.com/embed/EUQr8PXj2p0\" frameborder=\"0\" allow=\"accelerometer; autoplay; clipboard-write; encrypted-media; gyroscope; picture-in-picture\" allowfullscreen></iframe>', '2021-01-31', 1, 28, '', 0, 1, ''),
(99, 'حل اسئلة تحليل كهربي ', 'حل اسئلة تحليل كهربي ', '<iframe width=\"560\" height=\"315\" src=\"https://www.youtube.com/embed/Tu7d9fie6XE\" frameborder=\"0\" allow=\"accelerometer; autoplay; clipboard-write; encrypted-media; gyroscope; picture-in-picture\" allowfullscreen></iframe>', '2021-02-02', 1, 24, '', 0, 1, 'https://drive.google.com/file/d/1FbWAjEY-BKzvWGcsgI9SH-MjvULOUBn3/view?usp=sharing'),
(100, 'حل اسئلة تحليل كهربي جزء1', 'حل اسئلة تحليل كهربي جزء 1', '<iframe width=\"560\" height=\"315\" src=\"https://www.youtube.com/embed/Tu7d9fie6XE\" frameborder=\"0\" allow=\"accelerometer; autoplay; clipboard-write; encrypted-media; gyroscope; picture-in-picture\" allowfullscreen></iframe>', '2021-02-02', 1, 24, '', 0, 1, 'https://drive.google.com/file/d/1FbWAjEY-BKzvWGcsgI9SH-MjvULOUBn3/view?usp=sharing'),
(101, 'حل اول 20 سؤال باب ثالث', 'الحصة الاولي مراجعة الباب الثالث', '<iframe width=\"560\" height=\"315\" src=\"https://www.youtube.com/embed/ilujTc3toXI\" frameborder=\"0\" allow=\"accelerometer; autoplay; clipboard-write; encrypted-media; gyroscope; picture-in-picture\" allowfullscreen></iframe>', '2021-02-18', 1, 32, '', 0, 1, 'https://drive.google.com/file/d/1ePHuGeZWQDntYdFCr1B71cXCMt67pV5W/view?usp=sharing'),
(102, 'حل اسئلة الحصة الثانية (باب ثالث 1ث)', 'حل اسئلة الحصة الثانية (باب ثالث 1ث)', '<iframe width=\"560\" height=\"315\" src=\"https://www.youtube.com/embed/-6YBmFOidKU\" frameborder=\"0\" allow=\"accelerometer; autoplay; clipboard-write; encrypted-media; gyroscope; picture-in-picture\" allowfullscreen></iframe>', '2021-02-19', 1, 32, '', 0, 1, 'https://drive.google.com/file/d/1ePHuGeZWQDntYdFCr1B71cXCMt67pV5W/view?usp=sharing'),
(103, 'حل اسئلة الحصة الثالثة (باب ثالث 1ث)', 'حل اسئلة الحصة الثالثة (باب ثالث 1ث)', '<iframe width=\"560\" height=\"315\" src=\"https://www.youtube.com/embed/C8HkAI197xQ\" frameborder=\"0\" allow=\"accelerometer; autoplay; clipboard-write; encrypted-media; gyroscope; picture-in-picture\" allowfullscreen></iframe>', '2021-02-19', 1, 32, '', 0, 1, 'https://drive.google.com/file/d/1ePHuGeZWQDntYdFCr1B71cXCMt67pV5W/view?usp=sharing'),
(104, 'تحضير الميثان ', 'تحضير الميثان في المعمل ', '<iframe width=\"560\" height=\"315\" src=\"https://www.youtube.com/embed/qdkVqeBJkrg\" frameborder=\"0\" allow=\"accelerometer; autoplay; clipboard-write; encrypted-media; gyroscope; picture-in-picture\" allowfullscreen></iframe>', '2021-02-20', 1, 25, '', 0, 1, ''),
(105, 'تسمية الالكانات ', 'تسمية الالكانات', '<iframe width=\"560\" height=\"315\" src=\"https://www.youtube.com/embed/YuvdwmUjq8I\" frameborder=\"0\" allow=\"accelerometer; autoplay; clipboard-write; encrypted-media; gyroscope; picture-in-picture\" allowfullscreen></iframe>', '2021-02-20', 1, 25, '', 0, 1, ''),
(106, 'الاهمية الاقتصادية للالكانات وتسمية الالكينات ', 'الاهمية الاقتصادية للالكانات وتسمية الالكينات ', '<iframe width=\"560\" height=\"315\" src=\"https://www.youtube.com/embed/N9M2ZtXHG4c\" frameborder=\"0\" allow=\"accelerometer; autoplay; clipboard-write; encrypted-media; gyroscope; picture-in-picture\" allowfullscreen></iframe>', '2021-02-28', 1, 25, '', 0, 1, ''),
(107, 'تحضير الايثين والخواص الفيزيائية والكيميائية ', 'تحضير الايثين والخواص الفيزيائية والكيميائية  حتي الهلجنة ', '<iframe width=\"560\" height=\"315\" src=\"https://www.youtube.com/embed/QVCP4EZpCzY\" frameborder=\"0\" allow=\"accelerometer; autoplay; clipboard-write; encrypted-media; gyroscope; picture-in-picture\" allowfullscreen></iframe>', '2021-03-02', 1, 25, '', 0, 1, ''),
(108, 'مراجعة ليلة الامتحان للصف الاول الثانوي 2021 الترم الاول ', 'مراجعة ليلة الامتحان للصف الاول الثانوي 2021 الترم الاول ', '<iframe width=\"560\" height=\"315\" src=\"https://www.youtube.com/embed/9e6K6LONd7M\" frameborder=\"0\" allow=\"accelerometer; autoplay; clipboard-write; encrypted-media; gyroscope; picture-in-picture\" allowfullscreen></iframe>', '2021-03-03', 1, 32, '', 0, 1, ''),
(109, 'مراجعة ليلة الامتحان للصف الاول الثانوي 2021 الترم الاول ', 'مالجزء الاول من مراجعة ليلة الامتحان ', '<iframe width=\"560\" height=\"315\" src=\"https://www.youtube.com/embed/9e6K6LONd7M\" frameborder=\"0\" allow=\"accelerometer; autoplay; clipboard-write; encrypted-media; gyroscope; picture-in-picture\" allowfullscreen></iframe>', '2021-03-03', 1, 33, '', 0, 1, ''),
(110, 'المراجعة النهائية ', 'المراجعة النهائية ( الازهر الشريف) ', '<iframe width=\"560\" height=\"315\" src=\"https://www.youtube.com/embed/xgIVmgeLecU\" frameborder=\"0\" allow=\"accelerometer; autoplay; clipboard-write; encrypted-media; gyroscope; picture-in-picture\" allowfullscreen></iframe>', '2021-03-05', 1, 33, '', 0, 1, ''),
(111, 'الجزء الثاني من المراجعة ', 'الجزء الثاني من المراجعة ', '<iframe width=\"560\" height=\"315\" src=\"https://www.youtube.com/embed/oyFF8RJEuWc\" frameborder=\"0\" allow=\"accelerometer; autoplay; clipboard-write; encrypted-media; gyroscope; picture-in-picture\" allowfullscreen></iframe>', '2021-03-05', 1, 33, '', 0, 1, ''),
(112, 'المراجعة النهائية ', 'المراجعة ', '<iframe width=\"560\" height=\"315\" src=\"https://www.youtube.com/embed/IkK6B1J1NM4\" frameborder=\"0\" allow=\"accelerometer; autoplay; clipboard-write; encrypted-media; gyroscope; picture-in-picture\" allowfullscreen></iframe>', '2021-03-06', 1, 31, '', 0, 1, ''),
(113, 'المراجعة النهائية 2', 'المراجعة النهائية 2', '<iframe width=\"560\" height=\"315\" src=\"https://www.youtube.com/embed/xsN-5qXVeYY\" frameborder=\"0\" allow=\"accelerometer; autoplay; clipboard-write; encrypted-media; gyroscope; picture-in-picture\" allowfullscreen></iframe>\r\n', '2021-03-06', 1, 31, '', 0, 1, ''),
(114, 'المراجعة النهائية 2', 'المراجعة النهائية 2', '<iframe width=\"560\" height=\"315\" src=\"https://www.youtube.com/embed/KsEAnmqXA-o\" frameborder=\"0\" allow=\"accelerometer; autoplay; clipboard-write; encrypted-media; gyroscope; picture-in-picture\" allowfullscreen></iframe>', '2021-03-07', 1, 33, '', 0, 1, ''),
(115, 'المراجعة النهائية 3', 'المراجعة النهائية 3', '<iframe width=\"560\" height=\"315\" src=\"https://www.youtube.com/embed/TbbD3M5sYPU\" frameborder=\"0\" allow=\"accelerometer; autoplay; clipboard-write; encrypted-media; gyroscope; picture-in-picture\" allowfullscreen></iframe>\r\n', '2021-03-07', 1, 33, '', 0, 1, ''),
(116, 'المراجعة النهائية ', 'المراجعة', '<iframe width=\"560\" height=\"315\" src=\"https://www.youtube.com/embed/5ydmYOrJZSM\" frameborder=\"0\" allow=\"accelerometer; autoplay; clipboard-write; encrypted-media; gyroscope; picture-in-picture\" allowfullscreen></iframe>', '2021-03-08', 1, 34, '', 0, 1, ''),
(117, 'الجزء الثاني من حل اسئلة الالكانات', 'حل ائلة الالكانات جزء 2', '<iframe width=\"560\" height=\"315\" src=\"https://www.youtube.com/embed/pCsQjrfa2AY\" frameborder=\"0\" allow=\"accelerometer; autoplay; clipboard-write; encrypted-media; gyroscope; picture-in-picture\" allowfullscreen></iframe>', '2021-03-09', 1, 25, '', 0, 1, ''),
(118, 'الجزء الثالث من حل اسئلة الالكانات ', 'الجزء الثالث من حل اسئلة الالكانات ', '<iframe width=\"560\" height=\"315\" src=\"https://www.youtube.com/embed/YTzB7gZ5hUs\" frameborder=\"0\" allow=\"accelerometer; autoplay; clipboard-write; encrypted-media; gyroscope; picture-in-picture\" allowfullscreen></iframe>', '2021-03-10', 1, 25, '', 0, 1, ''),
(119, 'الحصة الاولي ', 'من بداية الباب الي ما قبل انواع الروابط ', '<iframe width=\"560\" height=\"315\" src=\"https://www.youtube.com/embed/DcV4bU73szY\" frameborder=\"0\" allow=\"accelerometer; autoplay; clipboard-write; encrypted-media; gyroscope; picture-in-picture\" allowfullscreen></iframe>', '2021-03-15', 1, 35, '', 0, 1, '');

-- --------------------------------------------------------

--
-- Table structure for table `lesson_member`
--

CREATE TABLE `lesson_member` (
  `lesson_member_id` int(11) NOT NULL,
  `lesson_id` int(11) DEFAULT NULL,
  `member_id` int(11) DEFAULT NULL,
  `date` date DEFAULT NULL,
  `cat_id` int(11) DEFAULT NULL,
  `type` tinyint(4) NOT NULL DEFAULT 1,
  `last_date` date DEFAULT NULL
) ENGINE=InnoDB DEFAULT CHARSET=utf8;

-- --------------------------------------------------------

--
-- Table structure for table `live`
--

CREATE TABLE `live` (
  `live_id` int(11) NOT NULL,
  `link` text CHARACTER SET utf8 DEFAULT NULL,
  `cat_id` int(11) NOT NULL,
  `date` date NOT NULL
) ENGINE=InnoDB DEFAULT CHARSET=latin1;

-- --------------------------------------------------------

--
-- Table structure for table `members`
--

CREATE TABLE `members` (
  `userid` int(11) NOT NULL,
  `username` varchar(255) NOT NULL,
  `password` varchar(255) NOT NULL,
  `email` varchar(255) DEFAULT NULL,
  `fullname` varchar(255) DEFAULT NULL,
  `groupid` int(11) NOT NULL DEFAULT 0,
  `regstatus` int(11) NOT NULL DEFAULT 0,
  `date` date NOT NULL,
  `avatar` varchar(225) NOT NULL DEFAULT 'img.png',
  `lil` text DEFAULT NULL,
  `exam answer` int(11) DEFAULT NULL,
  `lil_data` date DEFAULT NULL,
  `phone` int(20) DEFAULT NULL,
  `only` int(11) NOT NULL DEFAULT 0
) ENGINE=InnoDB DEFAULT CHARSET=utf8;

--
-- Dumping data for table `members`
--

INSERT INTO `members` (`userid`, `username`, `password`, `email`, `fullname`, `groupid`, `regstatus`, `date`, `avatar`, `lil`, `exam answer`, `lil_data`, `phone`, `only`) VALUES
(1, 'احمد الطارون', '601f1889667efaebb33b8c12572835da3f027f78', 'ahmed123@gmail.com', '', 6, 1, '2021-01-31', 'img.png', NULL, NULL, NULL, 1066343874, 1),
(227, 'رضا مختار', 'c7617b9aff485ad41604c8a5dd6671329d9a69cc', '', NULL, 6, 1, '2021-01-07', 'img.png', NULL, NULL, NULL, 102032037, 0),
(229, 'محمود مصباح السيد', 'de593e91733f9c2a158217af71bda55a6127ca28', 'ahmed@gmail.com', NULL, 6, 1, '2021-01-09', 'img.png', NULL, NULL, NULL, 1552871608, 0),
(230, 'حسناء عرفه احمد ', '012a5483d9a0feccebccc535610213267549f2fe', 'hsoar24@gmail.com', NULL, 4, 1, '2021-01-10', 'img.png', NULL, NULL, NULL, 1094935525, 0),
(231, 'رحمه عزت ضبيش ', '1a95e4704c1fe2f661cfb6f2781a2f0d9a1a82da', 'rahmadabish@gmail.com', NULL, 4, 1, '2021-01-10', 'img.png', NULL, NULL, NULL, 1095238419, 0),
(232, 'أحمد خالد ابراهيم السيد ', '7c4a8d09ca3762af61e59520943dc26494f8941b', 'albhbytyahmd2@gmail.com', NULL, 4, 1, '2021-01-10', 'img.png', NULL, NULL, NULL, 1023636709, 0),
(233, 'شهد عبدالحميد زيان', 'd520f86b2c5763027da3c9f5e3ef1ca7b9852a7c', 'medozaian8154@gmail.com', NULL, 4, 1, '2021-01-10', 'img.png', NULL, NULL, NULL, 1064469420, 0),
(234, 'رافت ابراهيم', '5522a10388fb08ced441cd7be9953ca1674f7962', '', NULL, 4, 1, '2021-01-10', 'img.png', NULL, NULL, NULL, 1149856629, 0),
(235, 'Salma salah', '89c2b2d42ca943dde22620ffc34bbd797e6b0642', 'jdjdjdhddj11@gmail.com', NULL, 0, 1, '2021-01-10', 'img.png', NULL, NULL, NULL, 1012949566, 0),
(236, 'Ahmed Ghalab', '71df6c56797cedfa393f13701e1bb53ee74f572a', 'aghalab313@gmail.com', NULL, 6, 1, '2021-01-10', 'img.png', NULL, NULL, NULL, 1016420371, 0),
(238, 'إسراء محمود عبد الفتاح عبد العزيز', '3bb74f5070f015d9e8873b69af65f52b82c9dca7', 'esraaalalfy3@gmail.com', NULL, 5, 1, '2021-01-10', 'img.png', NULL, NULL, NULL, 1010471870, 0),
(239, 'محمد حسام ', '96657ce810a66d3f539779151a4056eb2a766cd9', 'mouhamedhousam@gmail.com', NULL, 6, 1, '2021-01-10', 'img.png', NULL, NULL, NULL, 1018249544, 0),
(240, 'عبدالرحمن عبدالمنعم شوقي ', '424dddfde1ad78d141ffa6ca04d6bc0630643060', 'eabdo2209@gmail.com', NULL, 5, 1, '2021-01-10', 'img.png', NULL, NULL, NULL, 1012001248, 0),
(241, 'احمد خالد زكريا', '53b722fe6a32e35699af061920916a4b927f4a61', '', NULL, 0, 1, '2021-01-10', 'img.png', NULL, NULL, NULL, 1014273476, 0),
(242, 'عادل سعد المغني ', '8d97f3815d50b2b66261de09cd124e181609677e', 'adelsaadelmoghany@gimal.com', NULL, 4, 1, '2021-01-10', 'img.png', NULL, NULL, NULL, 1090615612, 0),
(245, 'بسنت شعبان قاسم ', '3a5e42fafcb8d9b23a59a2eedce18ad7cd06a388', 'kasembasant@gmail.com', NULL, 5, 1, '2021-01-10', 'img.png', NULL, NULL, NULL, 1020960472, 0),
(246, 'سهيلة زايد ', '6cf47e3cd6e5dc1db67c96eda86307f6f82321b1', 'sz01032172746@gmail.com', NULL, 5, 1, '2021-01-10', 'img.png', NULL, NULL, NULL, 1032172746, 0),
(247, ' إسراء محمد السعيد عبدالله ', '24842579cf01ed73dd81f93285f8f78fb59d21a9', 'esraamohamednasar@gmail.com', NULL, 5, 1, '2021-01-10', 'img.png', NULL, NULL, NULL, 1115761288, 0),
(248, 'shaimaa waleed ', '1f1202292eef852b660e8d846cc7a26e932feeeb', 'shaimaaradwan4@gmail.com', NULL, 5, 1, '2021-01-10', 'img.png', NULL, NULL, NULL, 1032931470, 0),
(250, 'Hagar ahmed ', '087d298fa84df9bbae50f3e72cb5d1f3aa33090d', 'mlakwamtlakyh@gmail.com', NULL, 5, 1, '2021-01-10', 'img.png', NULL, NULL, NULL, 1001594297, 0),
(255, 'إبراهيم عبدالعزيز القرش ', 'a1080dc2fec02eeb36cbc6097c36f21011eb2b02', 'ebrahemelkersh.555@gmail.com', NULL, 6, 1, '2021-01-10', 'img.png', NULL, NULL, NULL, 1020200865, 0),
(256, 'أحمد أسامة حمدي', '9cdcf4961c73be2e970fa024d0900af6a5029556', 'ahmedosamamorsy2005@gmail.com', NULL, 4, 1, '2021-01-11', 'img.png', NULL, NULL, NULL, 1013667227, 0),
(257, 'احمد الدسوقي محمد ضبيش ', '09386642ed08a30fedaf733f01597f9e0809b5ae', 'aymandabish@gmail.com', NULL, 4, 1, '2021-01-11', 'img.png', NULL, NULL, NULL, 1064392807, 0),
(258, 'آلاء رمضان شحاتة ', '24985d84f99a982408e64f0730ddef276fe51288', 'ralaa9062@gmail.com', NULL, 4, 1, '2021-01-11', 'img.png', NULL, NULL, NULL, 1019797866, 0),
(259, 'محمد عبدالناصر غازي ', '2d4cc571698b005147c58c9a23959b4051622ddc', 'mudo.nasr@gmail.com', NULL, 5, 1, '2021-01-11', 'img.png', NULL, NULL, NULL, 1092684434, 0),
(261, 'محمدرضا جمعه سعد', '4db69eaf73bffa6d067cf8a5a3fdd88db562b77b', '', NULL, 5, 1, '2021-01-11', 'img.png', NULL, NULL, NULL, 1029036583, 0),
(262, 'Fathy Reda Fathy Bahnasy ', 'e1b8848e47d1d37c67d5d94ea80d4cc0181efd26', 'FathyReda@gmail.com', NULL, 5, 1, '2021-01-11', 'img.png', NULL, NULL, NULL, 1069376069, 0),
(263, 'احمد محمد مصطفى بلتاجى', '4ee77c5e30514b9bba82d3f39c91f4922ebcdec6', 'beltagy@yahoo.com', NULL, 4, 1, '2021-01-11', 'img.png', NULL, NULL, NULL, 1061208421, 0),
(264, 'ايمان عبدالنبي السعيد رجب', '6eb4221fca1f28a17260b820093d45cb6d28149f', 'emanelsabagh94@gmail.com', NULL, 5, 1, '2021-01-11', 'img.png', NULL, NULL, NULL, 1027958133, 0),
(265, 'ايمان عثمان محمد خزعل ', '65c441d5858a0809c026c09e2e3994f4ed6219b8', 'eman123osman90@gmail.com', NULL, 5, 1, '2021-01-11', 'img.png', NULL, NULL, NULL, 1096277072, 0),
(266, 'فاديه عاطف شعبان عرفه ', 'e36294f5c8cb0848b48fcac84a7c8c30cf889e2e', 'fadyaelgendy77@gmail.com', NULL, 4, 1, '2021-01-11', 'img.png', NULL, NULL, NULL, 1063950357, 0),
(268, 'نرمين احمد بدير احمد ', '0a70bb59e1a82a052251aa7f9b1d761757c01e08', 'ahmeefneroom@gmail.com', NULL, 4, 1, '2021-01-11', 'img.png', NULL, NULL, NULL, 1006185780, 0),
(269, 'محمد فتوح طه العادلى ', 'ae4d8e64c591deaa1319b5a81e22837967662cfd', 'aladlyFtwh@gmail.com', NULL, 4, 1, '2021-01-11', 'img.png', NULL, NULL, NULL, 1211391533, 0),
(270, 'منة الله عصام محمد ابوصالح', 'd8fe9ee004f0dbf264334ce968f90a0795786bd1', 'y01009840@gmail.com', NULL, 4, 1, '2021-01-11', 'img.png', NULL, NULL, NULL, 1028944391, 0),
(272, 'هدير مصباح إبراهيم رضوان ', '053ec851d1689aa8a3c51979b96014af1e31237a', 'hadeerradwan16@gamil.com', NULL, 5, 1, '2021-01-11', 'img.png', NULL, NULL, NULL, 1033468813, 0),
(273, 'أروى رمضان محمد ابو شعيشع  ', '12a5ffb8fe8d2977071a67529f3841785f93710a', 'rarwa0050@gmail.com', NULL, 4, 1, '2021-01-11', 'img.png', NULL, NULL, NULL, 1026035266, 0),
(274, 'منة الله إبراهيم أحمد السيد', '0bbc734292a077004d1d2e00a0c961048b92a0d2', '', NULL, 5, 1, '2021-01-11', 'img.png', NULL, NULL, NULL, 0, 0),
(275, 'فاطمة امين محمد ', '7fccf5d94cd67d7804a0d62a010f30c20f4c7f6e', 'am8398237@gmail.com', NULL, 4, 1, '2021-01-11', 'img.png', NULL, NULL, NULL, 1017661975, 0),
(276, 'روان حماد', '1c6392a5d6bb1127365240d3a6cde578ea61c79f', '', NULL, 4, 1, '2021-01-11', 'img.png', NULL, NULL, NULL, 1028486131, 0),
(278, 'عادل فتحى إبراهيم عبد السلام ضبيش', '17057d45d54eea07d88862fbb6b074f7b9925982', 'atelfathy188@gmail.com', NULL, 4, 1, '2021-01-11', 'img.png', NULL, NULL, NULL, 1065963877, 0),
(279, 'Abdullah ibrahim abdullah Zayed ', '244446e65b9daf2b543323630070d89af040866f', 'ab5678922@gmail.com', NULL, 6, 1, '2021-01-11', 'img.png', NULL, NULL, NULL, 1018697514, 0),
(282, 'فتحى محمد فتحى محمد ', '28f1a60055d72573ccb5a1bf1b49f9caab62bee9', 'altntawyfthymhmd@gmail.com', NULL, 4, 1, '2021-01-11', 'img.png', NULL, NULL, NULL, 1033784136, 0),
(283, 'صلاح فتوح الشاذلى محمد', '91417b59d5e139c58ce48338d94fd6b3cdecdc97', 'salahelshazly552f5@gmail.com', NULL, 4, 1, '2021-01-11', 'img.png', NULL, NULL, NULL, 1064087275, 0),
(284, 'ريم ابراهيم مصطفى احمد ', 'd00cbd49cb552fe06fec11696fdbe0f1dd59d65a', 'reem34381@gmail.com', NULL, 5, 1, '2021-01-11', 'img.png', NULL, NULL, NULL, 1004684645, 0),
(285, 'محمود مصباح السيد محمود ', 'c6922b6ba9e0939583f973bc1682493351ad4fe8', 'msbahm622@gmail.com', NULL, 5, 1, '2021-01-11', 'img.png', NULL, NULL, NULL, 1552871608, 0),
(286, 'عمرو مدحت عبدالله الشهاوي ', 'de2a7adacb0b0017e9c2a5fae680f43ab249baf5', 'alshhawynrw91@gmail.com', NULL, 6, 1, '2021-01-11', 'img.png', NULL, NULL, NULL, 1027684974, 0),
(287, 'احمد فوزي السيد احمد', 'cd015cccfc7c48c4661997e88ea6d5d1c9034901', 'ahmedpola806@gmail.com', NULL, 4, 1, '2021-01-11', 'img.png', NULL, NULL, NULL, 1091862033, 0),
(288, 'عبدالرحمن علاء شوقي مصطفي ', 'b5cae2ee6037e1ffeb28604d993caeba6227006e', 'abdelrahmanalaashawky@gmail.com', NULL, 4, 1, '2021-01-11', 'img.png', NULL, NULL, NULL, 1030607278, 0),
(289, 'Bassam Mahdy', '85eaa2cfa730beeeda506e4cbe086355c3c4ef5d', 'bassammahdy1@gmail.com', NULL, 4, 1, '2021-01-11', 'img.png', NULL, NULL, NULL, 1097537556, 0),
(291, 'يحى رمزى عبد الهادى احمد ', 'ed311ed445ea12646d64a5cdd8628a71075f0e73', 'ramzyram101@gmail.com', NULL, 4, 1, '2021-01-11', 'img.png', NULL, NULL, NULL, 1018347829, 0),
(293, 'أسماء محمد فوزى', 'c4a0825a08cb3692d45c3760d4e1624136e567aa', 'asmsa152005@outlook.com', NULL, 4, 1, '2021-01-11', 'img.png', NULL, NULL, NULL, 1029562800, 0),
(295, 'شيماء جمعة سالم', 'a7d579ba76398070eae654c30ff153a4c273272a', 'alfrjanyshayma8@gmail.com', NULL, 5, 1, '2021-01-11', 'img.png', NULL, NULL, NULL, 1551120421, 0),
(296, 'جمال وليد قطب عبد الفتاح ', '7c222fb2927d828af22f592134e8932480637c0d', 'jwlyd0414@gmail.com', NULL, 4, 1, '2021-01-11', 'img.png', NULL, NULL, NULL, 103068457, 0),
(297, 'Mahmoud Mohammed Elsayed Hamad', '70ea1d388414b0d22d9db67c9718f799c00d539e', 'hamadmahmoud006@gmail.com', NULL, 4, 1, '2021-01-11', 'img.png', NULL, NULL, NULL, 1092247973, 0),
(299, 'غاده ياسر محمد العشري ', '1c9f2881756f3eb0d9878340a1789d1501554103', 'ghadayasser867@gmail.com', NULL, 5, 1, '2021-01-11', 'img.png', NULL, NULL, NULL, 1012032916, 0),
(303, 'خيري عبدالستار محمد احمد', '05923bd907b35c31e1bc18701fcabd5c8d383daf', 'khairya063@gmail.com', NULL, 4, 1, '2021-01-11', 'img.png', NULL, NULL, NULL, 1003706307, 0),
(304, 'سامية محمد احمد السراجى', '4f75f77e3cb2c0d4f5ac03028a61e16ccef02ea5', 'alsrajysamyt3@gmail.com', NULL, 4, 1, '2021-01-11', 'img.png', NULL, NULL, NULL, 1099325519, 0),
(306, 'laila Mohamed ', '656b25f6b326f472aba44ca5f90ee0f3204f766a', 'elsharkaweylaila947@gmail.com', NULL, 5, 1, '2021-01-12', 'img.png', NULL, NULL, NULL, 1097574482, 0),
(308, 'شهد لطفي خفاجي احمد', '23a89ed8780b51fcf2340fa66149b74b4b9e8a16', 'shahdkhafagy16@gmail.com', NULL, 4, 1, '2021-01-12', 'img.png', NULL, NULL, NULL, 1006313852, 0),
(309, 'هدى ياسر رشاد عبدالسلام ', '89b7eebc8dab544c198529934ce30d127445f1a2', 'hyramh1452004@gmail.com', NULL, 5, 1, '2021-01-12', 'img.png', NULL, NULL, NULL, 1096131954, 0),
(311, 'الاء محمود صبحي حلاوه ', '07a7df5cde34a177559b0e40ca64ce875682386e', 'lolaahalawa@gmail.com', NULL, 4, 1, '2021-01-12', 'img.png', NULL, NULL, NULL, 1014017612, 0),
(312, 'حبيبه شوقي ابراهيم خليفه ', 'bd7d4b237511a915692659f730f219175f9456c2', 'habibashawky73@gmail.com', NULL, 4, 1, '2021-01-12', 'img.png', NULL, NULL, NULL, 1029218041, 0),
(313, 'Arwa Samer Alghannam', 'ec8d66f1fb166ac1b827256f3c2893c35094fecc', 'arwaalghannam@icloud.com', NULL, 5, 1, '2021-01-12', 'img.png', NULL, NULL, NULL, 1023821747, 0),
(314, 'Salma marwan', '46eaed6ce1a355ef510b3c869483573ebd334804', 'salma@gmail.com', NULL, 6, 1, '2021-01-12', 'img.png', NULL, NULL, NULL, 1121018199, 0),
(315, 'Esraa Hassan Abbas Mohamed', 'aabc898184586934cb2ae7e7d0f9f75f62208d56', 'chuckyelkholly@gmail.com', NULL, 6, 1, '2021-01-12', 'img.png', NULL, NULL, NULL, 1153993791, 0),
(316, 'أمل سعد إسماعيل ', '1326fc0a7175f788f0c7cb1f2157d13aea74e6a9', 'slymansd88@gmail.com', NULL, 5, 1, '2021-01-12', 'img.png', NULL, NULL, NULL, 1023359807, 0),
(317, 'AMAR YASSER ', '990fcd6a6e1bb5b6ced4845892389a5a88fb2a4d', 'amarsliman946@gmail.com', NULL, 5, 1, '2021-01-12', 'img.png', NULL, NULL, NULL, 1066386467, 0),
(318, 'دلال اشرف يوسف محمد ', '9e5b797ed33191f5c2cec9ba94f59c77183b924b', 'dalalashkhaf622@gmail.com', NULL, 6, 1, '2021-01-13', 'img.png', NULL, NULL, NULL, 1028925630, 0),
(319, 'امانى بهجت ', 'ae367df8b1b0e04820720317f8a1a3063d5107e1', 'amanybahgat2019@Gmail.com', NULL, 5, 1, '2021-01-13', 'img.png', NULL, NULL, NULL, 1012545072, 0),
(320, 'ياسمين محمد محمود بسيوني', 'a2794168995dca21b79711ac67a2b2c2317c8d58', '', NULL, 4, 1, '2021-01-13', 'img.png', NULL, NULL, NULL, 1004687083, 0),
(322, 'فاطمة محمود عبد الخالق على ', '99a366840045d1f7ac0669b52da2c6170453358e', 'fm8766446@gmail.com', NULL, 5, 1, '2021-01-13', 'img.png', NULL, NULL, NULL, 1095497661, 0),
(323, 'هدير محمد ابراهيم عمار', '731628c2bfea692d49ec89aa49216d22197c06fc', 'amerHader@gomin.com', NULL, 6, 1, '2021-01-13', 'img.png', NULL, NULL, NULL, 1550572652, 0),
(325, 'هاجر ممدوح طه', 'c7c2fb95df8abc3d46561d614144a3d9282264ca', 'ghnymhajrmmdwh@gmail.com', NULL, 4, 1, '2021-01-14', 'img.png', NULL, NULL, NULL, 1027150287, 0),
(326, 'نور زين العابدين فتوح إبراهيم', '23a0538f53ccbf131a1f79874d3805ac4ed108fc', 'Nonokhafagy914@gmail.com', NULL, 4, 1, '2021-01-14', 'img.png', NULL, NULL, NULL, 1091056661, 0),
(327, 'Yousef Reda Hegazy ', '555c394e2923f4ceb19c96ea334f4d4c3847a49e', 'hyousefreda@gmail.com', NULL, 4, 1, '2021-01-14', 'img.png', NULL, NULL, NULL, 1060540975, 0),
(328, 'سارة رمضان احمد', 'e78b13a44bfc74ef896a9c74a53c913259f963b1', 'sr9141866@gmail.com', NULL, 4, 1, '2021-01-14', 'img.png', NULL, NULL, NULL, 1090593635, 0),
(329, 'احمد فوزي محمد عبده', '5c4b52a5774591c022bc5d43a525a50ae376bb5a', 'mn2933321@gmail.com', NULL, 4, 1, '2021-01-14', 'img.png', NULL, NULL, NULL, 1014372787, 0),
(330, 'محمد يوسف الهوارى', 'cace101c6cfb1b92d086b9f1b54b1bbba79994fa', '', NULL, 4, 1, '2021-01-14', 'img.png', NULL, NULL, NULL, 1032980568, 0),
(333, 'عبداللطيف محمد محمود جلال', 'e7c34a0c34d31132ae887a2b167ee49615d7a15b', 'bodygalal88@gmail.com', NULL, 4, 1, '2021-01-14', 'img.png', NULL, NULL, NULL, 1064437369, 0),
(334, 'علياء عبدالله محمد ريحان', '9286add97e3e38f78ca0404d8a9c3062565bb027', 'aliaarehan67@gmail.com', NULL, 4, 1, '2021-01-14', 'img.png', NULL, NULL, NULL, 1029190322, 0),
(335, 'روان واصف احمد بلتاجى ', '26ca267db3450291da9dddbff30df85759502d00', 'rawanbltagy32@gmail.com', NULL, 5, 1, '2021-01-14', 'img.png', NULL, NULL, NULL, 1025760393, 0),
(337, 'فتحي رضا فتحي بهنسى ', '397403856550c3b8129abb7f95967988ceba4478', 'FathyReda@gmail.com', NULL, 5, 1, '2021-01-14', 'img.png', NULL, NULL, NULL, 1069376069, 0),
(338, 'الاء السيد نبيل ابراهيم', 'bc0cd7502a183f9b6b84bf17d647fccdc4457082', 'ala089294@gmail.com', NULL, 5, 1, '2021-01-14', 'img.png', NULL, NULL, NULL, 1030650947, 0),
(339, 'Menna Mohamed Ali ', '2edf63cb6da842a32bfc2f226b8e6bd7deb7a1d5', 'mennamohamedali77@gmail.com', NULL, 5, 1, '2021-01-15', 'img.png', NULL, NULL, NULL, 1015823592, 0),
(340, 'داليا رضا محمد عبيد', '1122162b7e0c08b7fa26dee577f9901cf2af77b6', 'daliaredamohamed84@gmail.com', NULL, 4, 1, '2021-01-15', 'img.png', NULL, NULL, NULL, 1551271150, 0),
(341, 'محمد عبدالجواد عبدالحي', '642430557dc5fb8e10ba553b312be4e9a7a76061', 'mohammedaliabosaina@gmail.com', NULL, 0, 1, '2021-01-16', 'img.png', NULL, NULL, NULL, 1018578826, 0),
(342, 'يوسف وائل يوسف عصر', 'f7c3bc1d808e04732adf679965ccc34ca7ae3441', '', NULL, 0, 1, '2021-01-18', 'img.png', NULL, NULL, NULL, 0, 0),
(343, 'أميرة أشرف أحمد علي ', 'f10d5607d642b61d8c15e5f99c7d2b65a7bfb27b', 'amiragjdbhednb@gmail.com', NULL, 4, 1, '2021-01-19', 'img.png', NULL, NULL, NULL, 1028394233, 0),
(344, 'Mai Ashraf', '8e68228c1b96259d51f9db4ac809deb5d7631d46', 'mai651499@gmail.com', NULL, 4, 1, '2021-01-19', 'img.png', NULL, NULL, NULL, 1020088423, 0),
(345, 'محمود عطا شاهين', '39106fd17ad2d70a4ed2bad50150ed923c1704b8', 'mahmoud.shahien890@gmail.com', NULL, 6, 1, '2021-01-19', 'img.png', NULL, NULL, NULL, 1026523268, 0),
(347, 'محمد عبدالجواد عبدالحي عبدالجواد أبوعاصي', '642430557dc5fb8e10ba553b312be4e9a7a76061', '', NULL, 6, 1, '2021-01-19', 'img.png', NULL, NULL, NULL, 1018578826, 0),
(349, 'ايمان السعيد سعد السيد يوسف ', '92cb7895652a6d17b44398100207d8e796ef6c87', '451212200@kafrelsheikh3.moe.edu.eg', NULL, 4, 1, '2021-01-19', 'img.png', NULL, NULL, NULL, 1013722470, 0),
(350, 'Zeinanb helal', '7c4a8d09ca3762af61e59520943dc26494f8941b', 'zeinababoelsoud@gmail.com', NULL, 4, 1, '2021-01-19', 'img.png', NULL, NULL, NULL, 100915281, 0),
(351, 'ريهام احمد سمير محمد', 'ef9490aa6b9793ceb29a924a09990a4b2f642ed2', 'ahmed.samer2727@yahoo.com', NULL, 4, 1, '2021-01-19', 'img.png', NULL, NULL, NULL, 1062603931, 0),
(352, 'Toqa Hesham darwesh mohamed', 'e3a4f75659fde180fea61f2a22de3fd0a11748d9', 'tqyhsham349@gmail.com', NULL, 4, 1, '2021-01-19', 'img.png', NULL, NULL, NULL, 1066459095, 0),
(353, 'aya mohamed fawzi', '8fcf13d3fa1f2e23a374ebc231a125a69d7d37cd', 'aya162464@gmail.com', NULL, 6, 1, '2021-01-19', 'img.png', NULL, NULL, NULL, 1025068233, 0),
(354, 'بثينه عبدالجواد ', '642430557dc5fb8e10ba553b312be4e9a7a76061', '', NULL, 6, 1, '2021-01-20', 'img.png', NULL, NULL, NULL, 1556628667, 0),
(355, 'شيماء يونس محمد عبد الرحيم ', '872123b7addff46761f03870655ee8e2906d8ae8', 'abdallah2062001@gmail.com', NULL, 4, 1, '2021-01-20', 'img.png', NULL, NULL, NULL, 1021176614, 0),
(356, 'ابراهيم عماد ابراهيم عبد العاطي ', '601f1889667efaebb33b8c12572835da3f027f78', 'ibrahimsalem914@gmail.com', NULL, 4, 1, '2021-01-20', 'img.png', NULL, NULL, NULL, 1016578482, 0),
(358, 'زياد يحيي زكريا عبد الحليم ', '031711b0dc3d75639183f6145b0e371699dd21a7', 'zyaduhuia776@gmil.com', NULL, 4, 1, '2021-01-20', 'img.png', NULL, NULL, NULL, 1062580553, 0),
(359, 'شهد امجد السعيد بهنسى ', '1df716a470ba33ea006b437c5b87a333e548dbd9', 'shahdamgd94@gmail.com', NULL, 4, 1, '2021-01-20', 'img.png', NULL, NULL, NULL, 1099601449, 0),
(360, 'أيه على فهمي الهنداوي ', '540917f6a31a49742234b001ec1e2d62cb8fd847', 'aytalhndawy2@gmail.com', NULL, 4, 1, '2021-01-20', 'img.png', NULL, NULL, NULL, 1022812835, 0),
(361, 'اسماء ابراهيم احمد البديوي', 'ee0084b93dc66c7b487b133eefb8eae20348434e', 'asmaaelbedawy34@gmail.com', NULL, 4, 1, '2021-01-20', 'img.png', NULL, NULL, NULL, 1023663805, 0),
(363, 'اسراء محمد السعيد عبدالله ', '24842579cf01ed73dd81f93285f8f78fb59d21a9', 'esramhmdnsar1@gmail.com', NULL, 5, 1, '2021-01-20', 'img.png', NULL, NULL, NULL, 1115761288, 0),
(364, 'mohamed ali alabd', '50e639eccdddba7fb0be3fcf62773606878e2b4a', 'mohamed.alabd660@gmail.com', NULL, 5, 1, '2021-01-20', 'img.png', NULL, NULL, NULL, 1010198143, 0),
(365, 'رحاب سعيد احمد الجندي ', 'cec800fe8e0034b14d87fddd44590c858029c2b4', 'elgendyr15@gmail.com', NULL, 4, 1, '2021-01-20', 'img.png', NULL, NULL, NULL, 1025698986, 0),
(366, 'رويده عصام ', '65e6e55b49994a5fff1d65d29d422699bd467a5d', 'wazanrowaida@gmail.com', NULL, 5, 1, '2021-01-20', 'img.png', NULL, NULL, NULL, 1092612738, 0),
(367, 'روميساء عبدالدايم محمد محمد', 'fc53159e24cee939f9b231b63b594de26c0fc863', 'romisaaabde@gmail.com', NULL, 4, 1, '2021-01-20', 'img.png', NULL, NULL, NULL, 1068734930, 0),
(371, 'شهد محمد حسن ابراهيم ', '8cb2237d0679ca88db6464eac60da96345513964', 'shhdaljml3@gmail.com', NULL, 0, 1, '2021-01-20', 'img.png', NULL, NULL, NULL, 1021014577, 0),
(372, 'ذياد محمد ابراهيم السيد بلتاجي', 'e4d139eea643fc661e6c34bcf78e65a02bd595eb', 'ziadmohamedbeltage@gmail.com', NULL, 4, 1, '2021-01-20', 'img.png', NULL, NULL, NULL, 1010387482, 0),
(378, 'جنه محمد حسن ابراهيم ', 'f405fec27e21c3b8201367a86a876ba06e5c75e7', 'shhdaljml3@gmail.com', NULL, 4, 1, '2021-01-20', 'img.png', NULL, NULL, NULL, 1021014577, 0),
(379, 'حسام السيد ابراهيم محمد ', '9148a365f4bd4bd493c4eaf0f0fa3dfc68352937', 'hossam22hsm@gmail.com', NULL, 4, 1, '2021-01-20', 'img.png', NULL, NULL, NULL, 1062748659, 0),
(381, 'سحر السعيد محمد عبد المجيد ', 'b138016a9979e793a85a744e7f053fa5668bad91', 'shra93470@gmail.com', NULL, 4, 1, '2021-01-20', 'img.png', NULL, NULL, NULL, 1021624290, 0),
(382, 'نرمين بسيونى سعد قنديل', '6914986c2c588f3af2eb08957461a33cf0c5fd85', 'nermeenbasyoni@gmail.com', NULL, 4, 1, '2021-01-20', 'img.png', NULL, NULL, NULL, 1032653793, 0),
(385, 'جنة محمد حسن ابراهيم ', 'f405fec27e21c3b8201367a86a876ba06e5c75e7', '', NULL, 4, 1, '2021-01-20', 'img.png', NULL, NULL, NULL, 1021014577, 0),
(387, 'روضه يوسف بدير الشهاوي', '9bff8a3dda9b9338a094dd3c7fa189263470ba0e', 'sosoelshahwey@gmail.com', NULL, 4, 1, '2021-01-20', 'img.png', NULL, NULL, NULL, 1062848072, 0),
(388, 'ساره رجب محمد منصور ', '212b17bef3b47712f95591d2ba903d49d8687a4a', 'Saramansor732@gmail.com', NULL, 4, 1, '2021-01-20', 'img.png', NULL, NULL, NULL, 1006366910, 0),
(389, 'ندي هشام محمد محمود', 'c951fe2857ca6a4a0d019385692bd371c97891d5', '', NULL, 4, 1, '2021-01-20', 'img.png', NULL, NULL, NULL, 1021122968, 0),
(390, 'مريم عبدالنبي عاطف جامع', '26d305894a8970133459c83766008756487ba107', 'ahmedgameg22@gmail.com', NULL, 4, 1, '2021-01-20', 'img.png', NULL, NULL, NULL, 1062817267, 0),
(391, 'حسام السيد ابراهيم علي', '4f5343a63b5118241e2fd231be4620627e09d39e', 'hsamsalh876@gmail.com', NULL, 5, 1, '2021-01-20', 'img.png', NULL, NULL, NULL, 1094253648, 0),
(392, 'محمد عيد احمد غازى', '1c0597fb454d87e8336a9d3d0e548c9385aefa26', 'elhtwlymohamed@gmail.com', NULL, 4, 1, '2021-01-20', 'img.png', NULL, NULL, NULL, 1010414778, 0),
(393, 'فارس ياسر', 'e628eb4f077a12330011704b5b6a772dc824f001', 'farisyasser88@gmail.com', NULL, 4, 1, '2021-01-20', 'img.png', NULL, NULL, NULL, 1005082129, 0),
(394, 'أسماء محمد عبد السلام محمد ', '1821c8c276d274398770f2e168280bbf189f01a7', 'asmaa5mohmad@gmail.com', NULL, 4, 1, '2021-01-20', 'img.png', NULL, NULL, NULL, 1068714623, 0),
(397, 'محمد اكرامي محمد عبدالحميد', 'fcea8412c775825fa249ba634041be35d22a20bd', 'mohamedkramy66@gmail.com', NULL, 4, 1, '2021-01-20', 'img.png', NULL, NULL, NULL, 1068793120, 0),
(398, 'نسمة عبدالجواد', '5b6f4a2c1f9e45c94567b70f927b3f74b1a3b9ca', 'bdalwahdbdaljwad@gmail.com', NULL, 5, 1, '2021-01-20', 'img.png', NULL, NULL, NULL, 1025642968, 0),
(402, 'Mohamed hosne Aboash', '01b307acba4f54f55aafc33bb06bbbf6ca803e9a', 'mohamedaboasha9@gmail.com', NULL, 0, 1, '2021-01-20', 'img.png', NULL, NULL, NULL, 1091407172, 0),
(403, 'ايمان مصطفى بكر ', '9064cb5608eb595e057189c16f686f0c933c05fe', 'eman@gmail.com', NULL, 5, 1, '2021-01-20', 'img.png', NULL, NULL, NULL, 1023205779, 0),
(404, 'رحل شعبان جباره إبراهيم عرفه', '0fbfb1bbb847464404c1a46e4e8a6fa900a1fe98', 'rahlshaaban@gmail.com', NULL, 5, 1, '2021-01-20', 'img.png', NULL, NULL, NULL, 1019341093, 0),
(405, 'مريم محمد أحمد بهنسي ', 'f7c3bc1d808e04732adf679965ccc34ca7ae3441', 'mohamedbahnasymaryam@gmail.com', NULL, 4, 1, '2021-01-20', 'img.png', NULL, NULL, NULL, 1090135042, 0),
(406, 'Ahmed Ahmed Fahmy', '9c458b27bef9e8c23bec2cee03366bea1d53af93', 'ahmed.fahmy2005@icloud.com', NULL, 4, 1, '2021-01-20', 'img.png', NULL, NULL, NULL, 1026116376, 0),
(407, 'ابراهيم عماد ابراهيم ', '601f1889667efaebb33b8c12572835da3f027f78', 'ibrahimsalem914@gmail.com', NULL, 5, 1, '2021-01-20', 'img.png', NULL, NULL, NULL, 1016578482, 0),
(408, 'مرام مصطفى عبدالله البيلي', '836cde43c9307026fad6ee4ce16692e268a391a2', 'maramelbialy6@gmail.com', NULL, 4, 1, '2021-01-21', 'img.png', NULL, NULL, NULL, 1090479125, 0),
(410, 'Abdelrahman Elsanafawy', '4534beebed4e1997c42b9c4ec265b6da9f4f65df', 'abdelrahmanelsanafawy71@gmail.com', NULL, 4, 1, '2021-01-21', 'img.png', NULL, NULL, NULL, 1068613013, 0),
(411, 'فاطمة أمين محمد ', '7fccf5d94cd67d7804a0d62a010f30c20f4c7f6e', 'am8398237@gmail.com', NULL, 4, 1, '2021-01-21', 'img.png', NULL, NULL, NULL, 1017661975, 0),
(414, 'مريم احمد الكومى', '7be2df50ed4ad7c9baef74ae863e63e44b98deba', 'ma3889327@gmail.com', NULL, 4, 1, '2021-01-21', 'img.png', NULL, NULL, NULL, 1030940115, 0),
(415, 'مريم احمد الكومى احمد', '7be2df50ed4ad7c9baef74ae863e63e44b98deba', 'ma3889327@gmail.com', NULL, 4, 1, '2021-01-21', 'img.png', NULL, NULL, NULL, 1030940115, 0),
(416, 'كريمةعيدالسعيدعبدالله', 'cfda45735cb1dfbd57092f6c464f7da7010f02c6', '', NULL, 4, 1, '2021-01-21', 'img.png', NULL, NULL, NULL, 1063739737, 0),
(417, 'اسراء واصف محسن يوسف', 'c5ab13c9b38352df2aee36cfb3b92e23bd729fde', 'Essrraa@domain.com', NULL, 4, 1, '2021-01-21', 'img.png', NULL, NULL, NULL, 1008749513, 0),
(418, 'رؤى محمود حمدين الشافعي', 'eac021144a33c828aa158ed6b46bb48ebcd078bd', 'roaaelshafey6@gmail.com', NULL, 6, 1, '2021-01-22', 'img.png', NULL, NULL, NULL, 1063283469, 0),
(419, 'منه الله اشرف ممدوح الجندي', '4ac8cf80c22a5e2bb67242a90b7ab78b51fcd1ba', 'mennaashrafelgendy@gmail.com', NULL, 5, 1, '2021-01-22', 'img.png', NULL, NULL, NULL, 1033144881, 0),
(420, 'أسماء محمود السيد ', '76e1836006f5a801bc6d9ae0d321c407514daa29', 'asma.ma882@gmail.com', NULL, 6, 1, '2021-01-22', 'img.png', NULL, NULL, NULL, 1010832159, 0),
(421, ' محمد عبدالجواد ', '642430557dc5fb8e10ba553b312be4e9a7a76061', '', NULL, 6, 1, '2021-01-22', 'img.png', NULL, NULL, NULL, 1018578826, 0),
(422, 'نورا عاطف الشهاوي', '98a7e0415871692aa06892baeb6b50154de1ceea', 'atefnoura22@gmail.com', NULL, 6, 1, '2021-01-22', 'img.png', NULL, NULL, NULL, 1022625197, 0),
(423, 'محمد رشدى عبد القوي ', 'aa89ef6f6331f347469310aa2664ecce1df2262e', 'Roshdy300@gmail.com', NULL, 4, 1, '2021-01-22', 'img.png', NULL, NULL, NULL, 1007818491, 0),
(424, 'أسماء محمد عواض أحمد', '9876c441523d6827343ab27fbb21993d845ae11b', '', NULL, 4, 1, '2021-01-22', 'img.png', NULL, NULL, NULL, 1092368371, 0),
(425, 'شيماء حمدي عبدالله حسين', '16cee5184b8f6502d1f4d22803437be49a15e873', 'shimaahamde929@gmail.com', NULL, 5, 1, '2021-01-22', 'img.png', NULL, NULL, NULL, 1033146040, 0),
(426, 'Aya elshamy ', '4c643f7f0754054821d7246af0fe9ed92b2d2707', 'ayaalshamy6@gmail.gome', NULL, 6, 1, '2021-01-22', 'img.png', NULL, NULL, NULL, 1050338071, 0),
(427, 'نوران عبدالفتاح الغمرى ', '6a8b090f77ab147ea2101dc8ba88139a97a9ae3a', '', NULL, 6, 1, '2021-01-22', 'img.png', NULL, NULL, NULL, 1065213847, 0),
(428, 'دينا اسامه عبدالله فرج ', '0b1e1bf83d21bd5eb42463e13608add918fe5854', '', NULL, 0, 1, '2021-01-22', 'img.png', NULL, NULL, NULL, 1023851027, 0),
(430, 'اميره محمد محمود شاهين', '0ab54ac0ad13637bf9324ab649ef0be7d079e9a1', 'amirashahin555@gmail.com', NULL, 0, 1, '2021-01-22', 'img.png', NULL, NULL, NULL, 1028834549, 0),
(431, ' معاذ أشرف عبدالله قطب ', '583cc9782020a94622c398c53cd951fbcdb55399', 'abo.moaz2004@yahoo.com', NULL, 6, 1, '2021-01-22', 'img.png', NULL, NULL, NULL, 96652728, 0),
(432, 'Shimaa Ali', '8d41b1cba2757c9583367446a07b4a3b140a61cd', 'shimaa1812003@gmail.com', NULL, 6, 1, '2021-01-22', 'img.png', NULL, NULL, NULL, 1009040893, 0),
(433, 'Nehal Amer', 'e8a36c2d76052dbe485e3ccd37e0189c8f979d8c', '', NULL, 6, 1, '2021-01-23', 'img.png', NULL, NULL, NULL, 1020719225, 0),
(435, 'آلاء الحسينى عبد الستار موسى', '4e4349f10d1b9a865646d0f7ec45829aab0107c5', 'enasmossa28@gmail.com', NULL, 0, 1, '2021-01-23', 'img.png', NULL, NULL, NULL, 1227592074, 0),
(437, 'Hanan Emad', '906eed1efb6816084372b23c2b559c8e8feec78f', 'hnanmad020@gmail.com', NULL, 6, 1, '2021-01-23', 'img.png', NULL, NULL, NULL, 1060719233, 0),
(438, 'اسراء حسن عباس محمد', 'aabc898184586934cb2ae7e7d0f9f75f62208d56', 'chuckyelkholly@gmail.com', NULL, 6, 1, '2021-01-23', 'img.png', NULL, NULL, NULL, 1153993791, 0),
(440, 'Elham', 'b1867fa8fdd35fc5dfe37084671183eed825220c', 'elham.mofreh2003@gmail.com', NULL, 6, 1, '2021-01-24', 'img.png', NULL, NULL, NULL, 1091042452, 0),
(441, 'صفاء محمد يسرى سلامة', 'bc4c4178e08b4dfe310b668936b47f2407a5ffc6', 'sfaslamt423@gmail.com', NULL, 6, 1, '2021-01-24', 'img.png', NULL, NULL, NULL, 1006564924, 0),
(443, 'محمد', '7f8df7644064202367daa9e84e4af00d47540d16', 'wwwmohammadsselnhas@gemail.com', NULL, 0, 1, '2021-01-24', 'img.png', NULL, NULL, NULL, 1097196170, 0),
(444, 'عبدالله يوسف فتحي النجار', '49b15cbc7bde2295378e5a842ec392eb4c66a9ba', 'abdallahyousef1010@gmail.com', NULL, 6, 1, '2021-01-25', 'img.png', NULL, NULL, NULL, 1064095749, 0),
(445, 'أيه يوسف فتحي النجار', '49b15cbc7bde2295378e5a842ec392eb4c66a9ba', 'ayayousef5432@gmail.com', NULL, 6, 1, '2021-01-25', 'img.png', NULL, NULL, NULL, 1061845387, 0),
(446, 'Ziad ali', '4c03fab0132e8d42637401ce704684500e463408', 'Zi@daliasar5', NULL, 6, 1, '2021-01-25', 'img.png', NULL, NULL, NULL, 1018243090, 0),
(449, 'تغريد طلعت السعيد التاجر', '25d9589434ba74c94af049a94e56b5d5a2f83f41', 'tghrydaltajr@gmail.com', NULL, 4, 1, '2021-01-25', 'img.png', NULL, NULL, NULL, 1556722454, 0),
(450, 'السيد صالح دياب', 'fba57fce4b6adb24b20d91aeb9eba3e6201f7a1e', '', NULL, 6, 1, '2021-01-25', 'img.png', NULL, NULL, NULL, 2147483647, 0),
(451, ' حبيبة عبدالناصر غازي محمد ', '1dcbdc541d1706c3e78ba546d8b1eb2118b4073f', 'naserghazy112233@gmail.com', NULL, 5, 1, '2021-01-26', 'img.png', NULL, NULL, NULL, 1024284730, 0),
(452, 'منه الدسوقى بدير', '6010867fa3c3d6a47f07dbcffbeb88477895eb77', 'menaabosalh18@gmail.com', NULL, 5, 1, '2021-01-26', 'img.png', NULL, NULL, NULL, 1097693145, 0),
(453, 'Mahmoud', 'ce288ce164cb849d46c3a307db007c5d0d68ac5f', 'mahmodsaadkasem@gmail.com', NULL, 4, 1, '2021-01-26', 'img.png', NULL, NULL, NULL, 1007100341, 0),
(454, 'يوسف وائل يوسف عبدالواحد', '01b307acba4f54f55aafc33bb06bbbf6ca803e9a', 'srb78047b@gmail.com', NULL, 6, 1, '2021-01-26', 'img.png', NULL, NULL, NULL, 1000468704, 0),
(455, 'سما محمود خميس ', '7be1382a90f989ede9a18d47f5a1fdaa65ba7151', 'samamahmoud55@gmail.com', NULL, 4, 1, '2021-01-27', 'img.png', NULL, NULL, NULL, 1001884623, 0),
(456, 'روان أشرف رمضان قاسم', 'e8754efa96d0601028a42c0d1b25a93c6007e04e', 'ashrafalqasm586@gmail.com', NULL, 4, 1, '2021-01-28', 'img.png', NULL, NULL, NULL, 1015887207, 0),
(457, 'اسماء محمد صالح', '77d28e138582c142f7d99f22806d50c563d07156', 'asmaasaleh186@gmail.com', NULL, 6, 1, '2021-01-28', 'img.png', NULL, NULL, NULL, 155248487, 0),
(458, 'Azzahatem Nassar ', '514f92df1adf59ba043d180aaad4adf4dca896d4', 'hatmkhmysnsarnsar@gmail.com', NULL, 5, 1, '2021-01-29', 'img.png', NULL, NULL, NULL, 1022165124, 0),
(459, 'حسناء أنور السعيد محمد', 'a9505a11d45031c569781e054f622afa529ba492', 'tolbahasnaa2@gmail.com', NULL, 6, 1, '2021-01-29', 'img.png', NULL, NULL, NULL, 1066769874, 0),
(460, 'وئام عادل عبد النبى أحمد', 'f7fe195c45ba1a72dc6b624368615a3154a34287', 'weamadel2004@demain.com', NULL, 5, 1, '2021-01-29', 'img.png', NULL, NULL, NULL, 1033016410, 0),
(461, 'محمد عيد احمد غازى الحيطاوى', '3e9498a0bc06c60b3a06ae5a7cf5151d23958f2f', 'mohamedeidelhitawy@gmail.com', NULL, 4, 1, '2021-01-30', 'img.png', NULL, NULL, NULL, 1010414778, 0),
(462, 'اسراء واصف محسن', 'c5ab13c9b38352df2aee36cfb3b92e23bd729fde', 'Essrraa@domain.com', NULL, 4, 1, '2021-01-30', 'img.png', NULL, NULL, NULL, 1008749513, 0),
(463, 'essrraa', 'c5ab13c9b38352df2aee36cfb3b92e23bd729fde', 'Essrraa@domain.com', NULL, 4, 1, '2021-01-30', 'img.png', NULL, NULL, NULL, 1008749513, 0),
(464, 'عائشه ', 'fda83a360d9e812d729300f5cf3d095a10d051ac', 'abdalminsafalshimaa@gmail.com', NULL, 6, 1, '2021-01-31', 'img.png', NULL, NULL, NULL, 1005823714, 0),
(465, 'ايه عصام احمد محمد', 'e71f5c2e6ca2e2d257f75ddcf315562d98ac943f', 'aya99923@gmail.com', NULL, 4, 1, '2021-01-31', 'img.png', NULL, NULL, NULL, 1069398306, 0),
(466, 'وئام عادل عبدالنبي أحمد', 'f7fe195c45ba1a72dc6b624368615a3154a34287', 'weamadel2004@demain.com', NULL, 5, 1, '2021-02-01', 'img.png', NULL, NULL, NULL, 1033016410, 0),
(467, 'محمود عطا محي الدين', 'fba57fce4b6adb24b20d91aeb9eba3e6201f7a1e', '', NULL, 5, 1, '2021-02-01', 'img.png', NULL, NULL, NULL, 0, 0),
(468, 'Doaa mansour yousef ', '39f45b56c9aa4bd84307de114c491969378de0b1', 'ywsfd114@xn--gmal-nza.com', NULL, 5, 1, '2021-02-01', 'img.png', NULL, NULL, NULL, 1098129527, 0),
(469, ' Mayada', '9a0d988d7bcd05a8112c69840b69fdcdd1a0737c', 'mayadaosama@1234', NULL, 6, 1, '2021-02-02', 'img.png', NULL, NULL, NULL, 1010282560, 0),
(470, 'شيماء احمد جابر', '0b995880be366275c342e4bcb76227216762cd4a', 'az0355470@gmail.com', NULL, 4, 1, '2021-02-03', 'img.png', NULL, NULL, NULL, 1025357643, 0),
(471, 'شيماء متولي ابراهيم فيوض', 'a704ea19cc763640b0ed6e9b2667ca973cde29e0', '', NULL, 5, 1, '2021-02-04', 'img.png', NULL, NULL, NULL, 1017385593, 0),
(472, 'محمد أبوعاصي', '642430557dc5fb8e10ba553b312be4e9a7a76061', '', NULL, 6, 1, '2021-02-04', 'img.png', NULL, NULL, NULL, 1024331755, 0),
(473, 'ساره رمضان أحمد ', 'e78b13a44bfc74ef896a9c74a53c913259f963b1', 'sr9141866@gmail.com', NULL, 4, 1, '2021-02-05', 'img.png', NULL, NULL, NULL, 1090593635, 0),
(474, 'مي أشرف ممدوح الجندي', '63e64c3c10fff13d3582d915b7518e6a97b3eb3d', 'mai651499@gmail.com', NULL, 4, 1, '2021-02-05', 'img.png', NULL, NULL, NULL, 1020088423, 0),
(475, 'روان اشرف رمضان ', '45656bd4cb2ada560c54b2a1f0ae9270efe7d534', '', NULL, 4, 1, '2021-02-07', 'img.png', NULL, NULL, NULL, 0, 0),
(477, 'رحمه عبد النبي الجوهري', '44cebb229e3993dac999e4cf1fe5e958dd3e7ab6', 'rahmaelgohary281@gmail.com', NULL, 4, 1, '2021-02-07', 'img.png', NULL, NULL, NULL, 1095814191, 0),
(478, 'نورهان شكرى ابراهيم محمد ', '419759db8c43403487512b55332affe6770e945d', '', NULL, 0, 1, '2021-02-07', 'img.png', NULL, NULL, NULL, 1068301870, 0),
(479, 'مريم ياسر صابر الجوهري ', '8ca2074f11932877c1eb8f0bf88d27b4e3ff9d59', '', NULL, 4, 1, '2021-02-07', 'img.png', NULL, NULL, NULL, 2147483647, 0),
(480, 'Asmaa Mahmoud Mohamed', 'da9f57acf3ac8ebddbeb5e969a2d249d084d2ffa', 'tyyyyyyy439@gmail.com', NULL, 4, 1, '2021-02-07', 'img.png', NULL, NULL, NULL, 1559566744, 0),
(481, 'Abdullah Ahmed ', '08b57c4ddff353bbf668cbf8c9400d38fa72393e', '', NULL, 4, 1, '2021-02-07', 'img.png', NULL, NULL, NULL, 1027103073, 0),
(482, 'فاطمة رضا', '01586b4b30ac40cb1b5d32216254a60783b9e89e', 'redadahdoh33@gmail.com', NULL, 4, 1, '2021-02-07', 'img.png', NULL, NULL, NULL, 1025406561, 0),
(483, 'محمد عبدالله البرماوي', '70f08616c207594db4985286a10847b8e16fe810', 'mb.1455590@gmail.com', NULL, 4, 1, '2021-02-07', 'img.png', NULL, NULL, NULL, 1018194603, 0),
(484, 'شيماء سعيد الشحات محمد عبد الفتاح', '7dda8bbe3211e994e97d48164f7a0afde06f642d', 'bolaelmoghany673@gmail.com', NULL, 4, 1, '2021-02-07', 'img.png', NULL, NULL, NULL, 1550507664, 0),
(485, 'ذيادمحمدصبرى على', '6eefddd16ef72f25777d0ea07af3b3053cef2c79', 'zyadm9432@gmail.com', NULL, 4, 1, '2021-02-07', 'img.png', NULL, NULL, NULL, 1016175782, 0),
(486, 'محمد مصطفى سليمان ', '6317b24174fa870728b3fb6d1bcb8c859bd1f4bc', 'mstfyslymanmhmd64@gmail.com', NULL, 4, 1, '2021-02-08', 'img.png', NULL, NULL, NULL, 1027200921, 0),
(487, 'شاهين احمد حلمي ', '4170ac2a2782a1516fe9e13d7322ae482c1bd594', '', NULL, 4, 1, '2021-02-08', 'img.png', NULL, NULL, NULL, 1020984678, 0),
(488, 'اسماعيل حسيب شاهين', 'f37ef2c5ad82fabc1b068890fa733a2b7cac95d0', 'esmail175s0n@gmail.com', NULL, 4, 1, '2021-02-08', 'img.png', NULL, NULL, NULL, 1023291602, 0),
(489, 'إبراهيم حسني', '7b7e933312b5ced10521c45edf13572d83edc3ca', '', NULL, 4, 1, '2021-02-08', 'img.png', NULL, NULL, NULL, 0, 0),
(491, 'نورهان محمد قنديل عبيد', '7dc1a65bc4d64eff0389ce5508e5c404804cdd14', 'Noorhankandel@gmail.com', NULL, 5, 1, '2021-02-08', 'img.png', NULL, NULL, NULL, 1028803267, 0),
(492, 'عبدالمنعم مصطفي محمد العربي', 'fc3624083898eac99fc6875a7a7991a84f33d57c', 'abdo01016256126@gmail.com', NULL, 5, 1, '2021-02-08', 'img.png', NULL, NULL, NULL, 1016256126, 0),
(493, 'الاء طه دسوقي محمد', 'b6248e80adf1e8625809bc5e94d5d63756eced8d', 'aalaataha893@gmail.com', NULL, 5, 1, '2021-02-08', 'img.png', NULL, NULL, NULL, 1060760388, 0),
(494, 'Rawan Fathy', 'ca0c12eb69755ef9e1a2c61bb599c418ffc5f57a', 'rolafathy990@gmail.com', NULL, 5, 1, '2021-02-08', 'img.png', NULL, NULL, NULL, 1024711510, 0),
(495, 'إسراء عبده الخطيب ', '5559c28cbe58dafac615736550d3c851490ca0d6', 'esraaelkhateeb481@gmail.com', NULL, 5, 1, '2021-02-08', 'img.png', NULL, NULL, NULL, 1093717243, 0),
(496, 'أسماء ياسر أبو صالح', '07a11fa838fe9d3bd226831f047cc46c6611d95c', 'asmaayasserabosaleh@gmail.com', NULL, 5, 1, '2021-02-08', 'img.png', NULL, NULL, NULL, 1556537752, 0),
(497, 'إسراء أيمن عاطف محمد ', '7c222fb2927d828af22f592134e8932480637c0d', '', NULL, 5, 1, '2021-02-08', 'img.png', NULL, NULL, NULL, 1010114878, 0),
(499, 'Reem Elsaid Mostafa Mekawy', '67db3db1d56c23bbe9416b33becd5475ac1afc5e', 'reemmekawy297@gmail.com', NULL, 5, 1, '2021-02-08', 'img.png', NULL, NULL, NULL, 1027681254, 0),
(500, 'ايمان صابر أحمد الفارسى ', 'dbbc39c8d94c568d911b02a6464df66161219b21', 'emanelfarsy2@gmail.com', NULL, 5, 1, '2021-02-09', 'img.png', NULL, NULL, NULL, 1092158066, 0),
(501, 'فرح الحسيني متولي الشاذلي', '4d5b887711acacdfecaa11abcd768a1f05dbf833', 'alshathlyfarah@gmail.com', NULL, 5, 1, '2021-02-09', 'img.png', NULL, NULL, NULL, 2147483647, 0),
(502, 'اسراء سامح احمد', 'fba57fce4b6adb24b20d91aeb9eba3e6201f7a1e', '', NULL, 4, 1, '2021-02-09', 'img.png', NULL, NULL, NULL, 0, 0),
(503, 'حبيبة السيد صبحي حلاوه', 'f4a9c9ce4c09e1681343eb2d66dfafec069b9f2f', '', NULL, 4, 1, '2021-02-09', 'img.png', NULL, NULL, NULL, 0, 0),
(504, 'سها أحمد ممدوح يوسف', '50b0ed7e257013611999d4e92a79dc11d0f3e42f', 'sosorry438@gmail.com', NULL, 5, 1, '2021-02-09', 'img.png', NULL, NULL, NULL, 1157751641, 0),
(505, 'مريم نادر صبحى', 'f7c3bc1d808e04732adf679965ccc34ca7ae3441', 'Mariamnader93@gmail.com', NULL, 5, 1, '2021-02-09', 'img.png', NULL, NULL, NULL, 1099570424, 0),
(506, 'زياد تامر سعد الشهاوى', 'ecfd1e1c11c2f0c9de4f68061345dbea30aadb43', 'ziad@gmail.com', NULL, 4, 1, '2021-02-10', 'img.png', NULL, NULL, NULL, 1032134568, 0),
(507, 'روان واصف احمد ', '26ca267db3450291da9dddbff30df85759502d00', 'rawanbltagy@gmail.com', NULL, 5, 1, '2021-02-10', 'img.png', NULL, NULL, NULL, 1025760393, 0),
(508, 'اسراء عبدة الخطيب ', 'fba57fce4b6adb24b20d91aeb9eba3e6201f7a1e', '', NULL, 5, 1, '2021-02-11', 'img.png', NULL, NULL, NULL, 0, 0),
(509, 'Esraa shreen', '09372e4fd3916bc9febe58cfd07356145bcabbe1', 'esraashreen@gmail.com', NULL, 5, 1, '2021-02-16', 'img.png', NULL, NULL, NULL, 1027709210, 0),
(510, 'Nancy Mohamed ', 'bd22de58792267c4a5f174482b04e2147baab76d', '', NULL, 5, 1, '2021-02-17', 'img.png', NULL, NULL, NULL, 1028490345, 0),
(512, 'Abdo Refeat tawfiq', 'd8a6a8071d128a319699f1cc6c6477a1acb4a1a0', 'abdireafet@gmail.com', NULL, 5, 1, '2021-02-17', 'img.png', NULL, NULL, NULL, 1010571642, 0),
(513, 'آيه ياسر راضى عوض ', '27dea0296e079fb34aab675da5fc50601e457429', 'karimhgag12345@gmail.com', NULL, 5, 1, '2021-02-17', 'img.png', NULL, NULL, NULL, 1009963257, 0),
(514, 'Nada Elkeblawy ', 'd818b9cfa6902215d0eeb53f9d357d97828a982e', '', NULL, 5, 1, '2021-02-18', 'img.png', NULL, NULL, NULL, 100370327, 0),
(516, 'محمود أيمن محمد العشري', '3ae43ff056665e5cba3fd427353fe09183e6ba7d', 'ma5678922@gmail.com', NULL, 6, 1, '2021-02-20', 'img.png', NULL, NULL, NULL, 1096317341, 0),
(517, 'Ahmed Nabyh', 'd9b9e825bf92c8f8b89c955e7ac74eac16dc2285', 'ahmednabyh865@gmail.com', NULL, 6, 1, '2021-02-20', 'img.png', NULL, NULL, NULL, 1023204179, 0),
(518, 'احمد سامح احمد ', 'fba57fce4b6adb24b20d91aeb9eba3e6201f7a1e', '', NULL, 4, 1, '2021-02-20', 'img.png', NULL, NULL, NULL, 1015490582, 0),
(519, 'Ziad Amer', '486079265bea0efb19a52abd1a80330b1e1aae0e', 'zzziadsssamer27@gmail.com', NULL, 4, 1, '2021-02-20', 'img.png', NULL, NULL, NULL, 1091771979, 0),
(520, 'شيماء مصطفي سليمان ', 'f4a9c9ce4c09e1681343eb2d66dfafec069b9f2f', '', NULL, 4, 1, '2021-02-21', 'img.png', NULL, NULL, NULL, 0, 0),
(521, 'مريم مصطفى سليم ', '7c4a8d09ca3762af61e59520943dc26494f8941b', 'slymmstfyfryj@gmail.com', NULL, 4, 1, '2021-02-21', 'img.png', NULL, NULL, NULL, 1009178982, 0),
(522, 'يوسف السيد الزواوي', '6b84d27674ba059211f1489973d1cdfd0f737ba2', '', NULL, 5, 1, '2021-02-21', 'img.png', NULL, NULL, NULL, 0, 0),
(524, 'شروق تامر عبدالوهاب ', '6b84d27674ba059211f1489973d1cdfd0f737ba2', '', NULL, 4, 1, '2021-02-21', 'img.png', NULL, NULL, NULL, 0, 0),
(526, 'اميرة نبيل الشرنوبي', '2de49ac0fce223dbdd31d2b8b3b3710582ef1535', '', NULL, 5, 1, '2021-02-24', 'img.png', NULL, NULL, NULL, 0, 0),
(527, ' علياء عبدالله محمد عبدالله', '9286add97e3e38f78ca0404d8a9c3062565bb027', 'aliaarehan67@gmail.com', NULL, 4, 1, '2021-02-28', 'img.png', NULL, NULL, NULL, 1029190322, 0),
(528, 'الاء السيد عبدالله السيد', '0d5c2a1cd6770d9d158283259cdaf08b9f441c33', '', NULL, 6, 1, '2021-02-28', 'img.png', NULL, NULL, NULL, 1010487679, 0),
(529, 'الاء الحسيني موسي', '31e065f4f2dcdda328933c27bcdca1dada35e204', 'enasmossa28@gmail.com', NULL, 6, 1, '2021-02-28', 'img.png', NULL, NULL, NULL, 1227592074, 0),
(530, 'Omnia saad', '4134a8a234ab112b8ec9c0976420303ce03ae5ff', 'emoana728@gmail.com', NULL, 6, 1, '2021-02-28', 'img.png', NULL, NULL, NULL, 1096755059, 0),
(531, 'عبدالله ايمن محمود عبد العاطي ', 'ca47510d126085dc02374aa3d4d71dc08615cab8', '', NULL, 5, 1, '2021-03-06', 'img.png', NULL, NULL, NULL, 1067879449, 0),
(532, 'أسماء محمد عوض أحمد ', '9876c441523d6827343ab27fbb21993d845ae11b', '', NULL, 4, 1, '2021-03-07', 'img.png', NULL, NULL, NULL, 1092368371, 0),
(533, 'امنية سعد المغني ', 'e5530378a91b8c0a9d418c2503fece1dfbd25535', '', NULL, 6, 1, '2021-03-09', 'img.png', NULL, NULL, NULL, 0, 0);

-- --------------------------------------------------------

--
-- Table structure for table `message`
--

CREATE TABLE `message` (
  `id` int(11) NOT NULL,
  `message` varchar(255) CHARACTER SET utf8 DEFAULT NULL,
  `user_id` int(11) DEFAULT NULL,
  `date` date DEFAULT NULL,
  `username` varchar(255) CHARACTER SET utf8 DEFAULT NULL,
  `email` varchar(255) CHARACTER SET utf8 DEFAULT NULL
) ENGINE=InnoDB DEFAULT CHARSET=latin1;

--
-- Dumping data for table `message`
--

INSERT INTO `message` (`id`, `message`, `user_id`, `date`, `username`, `email`) VALUES
(6, 'السلام عليكم استاذ رضا مختار\r\nممكن الحساب ده يتفعل لو سمحت', NULL, '2021-01-29', 'وئام عادل عبد النبى أحمد', 'weamadel2004@demain.com'),
(7, 'We from rankkking congrats for purchasing your new domain.\r\nLet&#39;s make a quick call to discuss the future plan for it : https://bit.ly/lets-discuss-now		\r\n	\r\nWhere we can help you				\r\n	We will manually audit both your website and your competitor&#39;', NULL, '2021-02-03', 'Petric', 'letsdiscussnow@yahoo.com'),
(8, 'Hi, \r\n\r\nI thought you’d like to know that customers are struggling to find your website due to several website errors.\r\nWe at Rankkkings are providing a Free SEO Audit so you can know how can you optimize your website.\r\n\r\nAlso Get SEO Services at Minimal ', NULL, '2021-02-13', 'Petric', 'letsdiscussnow@yahoo.com'),
(9, 'We from rankkking congrats for purchasing your new domain.\r\nLet&#39;s make a quick call to discuss the future plan for it : https://bit.ly/lets-discuss-now		\r\n	\r\nWhere we can help you				\r\n	We will manually audit both your website and your competitor&#39;', NULL, '2021-02-19', 'Petric', 'letsdiscussnow@yahoo.com'),
(10, 'My name’s Eric and I just found your site elmokhtarchemistry.com.\r\n\r\nIt’s got a lot going for it, but here’s an idea to make it even MORE effective.\r\n\r\nTalk With Web Visitor – CLICK HERE https://talkwithwebvisitors.com for a live demo now.\r\n\r\nTalk With We', NULL, '2021-02-20', 'Eric Jones', 'eric.jones.z.mail@gmail.com'),
(11, 'Want to find more clients for your online business? We can provide targeted visitors precisely for your business model\r\n For additional information Visit: https://bit.ly/buy-targeted-web-traffic', NULL, '2021-02-24', 'Candace Cardus', 'cardus.candace30@gmail.com'),
(12, 'Hello,\r\n\r\nAre you presently utilising Wordpress/Woocommerce or might you plan to make use of it as time goes by ? We currently offer a little over 2500 premium plugins along with themes to download : https://shortnj.xyz/DFMX1\r\n\r\nThanks,\r\n\r\nMillie', NULL, '2021-02-24', 'Millie Andrews', 'wordpr.es.s.200219.88+wureidbug@gmail.com'),
(13, 'Do you want more people to visit your website? Get lots of keyword targeted visitors delivered directly to your site. Boost your profits quick. You&#39;ll see results in as quick as 24 hours. To get details Check out: https://bit.ly/buy-targeted-web-traff', NULL, '2021-02-24', 'Elizabeth Eagle', 'elizabeth.eagle@hotmail.com'),
(14, 'Cool website!\r\n\r\nMy name’s Eric, and I just found your site - elmokhtarchemistry.com - while surfing the net. You showed up at the top of the search results, so I checked you out. Looks like what you’re doing is pretty cool.\r\n \r\nBut if you don’t mind me a', NULL, '2021-02-27', 'Eric Jones', 'eric.jones.z.mail@gmail.com'),
(15, 'My name’s Eric and I just found your site elmokhtarchemistry.com.\r\n\r\nIt’s got a lot going for it, but here’s an idea to make it even MORE effective.\r\n\r\nTalk With Web Visitor – CLICK HERE https://talkwithwebvisitors.com for a live demo now.\r\n\r\nTalk With We', NULL, '2021-03-10', 'Eric Jones', 'eric.jones.z.mail@gmail.com');

-- --------------------------------------------------------

--
-- Table structure for table `part`
--

CREATE TABLE `part` (
  `part_id` int(11) NOT NULL,
  `part_name` varchar(255) NOT NULL,
  `exam_id` int(11) DEFAULT NULL,
  `number` int(11) DEFAULT NULL,
  `photo` varchar(255) CHARACTER SET utf8 DEFAULT NULL,
  `date` date NOT NULL,
  `time` int(11) DEFAULT NULL
) ENGINE=InnoDB DEFAULT CHARSET=utf8mb4;

-- --------------------------------------------------------

--
-- Table structure for table `post`
--

CREATE TABLE `post` (
  `post_id` int(11) NOT NULL,
  `post_name` varchar(255) NOT NULL,
  `post_description` text NOT NULL,
  `post_image` varchar(255) NOT NULL,
  `post_data` date NOT NULL,
  `allow_comment` tinyint(4) NOT NULL DEFAULT 0,
  `users` int(11) NOT NULL,
  `tags` varchar(225) NOT NULL,
  `type` tinyint(4) DEFAULT NULL,
  `cat_id` int(11) DEFAULT NULL
) ENGINE=InnoDB DEFAULT CHARSET=utf8;

--
-- Dumping data for table `post`
--

INSERT INTO `post` (`post_id`, `post_name`, `post_description`, `post_image`, `post_data`, `allow_comment`, `users`, `tags`, `type`, `cat_id`) VALUES
(51, 'الخواص المغناطيسية للمواد', 'تتألف جميع المواد من ذرات بها نواة موجبة الشحنة تدور حولها الكترونات سالبة الشحنة فحركة هذه الشحنات السالبة، تُكون تيـارات كهربائية صغيـرة مما يتسبب في احــداث مجال ذري له عزم مغناطيسي ذري.تتالف المواد على اختلاف انواعها سواء كانت سئلة او صلبة او غازية\r\n\r\n', '22235_main.png', '2021-01-10', 0, 1, '', 1, NULL);

-- --------------------------------------------------------

--
-- Table structure for table `question`
--

CREATE TABLE `question` (
  `id` int(11) NOT NULL,
  `exam_id` int(11) NOT NULL,
  `ques` text NOT NULL,
  `added_date` date NOT NULL,
  `answer_1` text NOT NULL,
  `answer_2` text NOT NULL,
  `answer_3` text NOT NULL,
  `answer_4` text NOT NULL,
  `right_answer` varchar(255) NOT NULL,
  `photo` varchar(225) NOT NULL,
  `part_id` int(11) DEFAULT NULL
) ENGINE=InnoDB DEFAULT CHARSET=utf8;

--
-- Dumping data for table `question`
--

INSERT INTO `question` (`id`, `exam_id`, `ques`, `added_date`, `answer_1`, `answer_2`, `answer_3`, `answer_4`, `right_answer`, `photo`, `part_id`) VALUES
(1, 15, 'عند إذابة ملح NH4CIO4 في الماء يتكون محلول.. ', '2021-01-20', 'حامضي ', 'متعادل ', 'قاعدي', 'متردد', '1', '', NULL),
(2, 15, 'الرقم الهيدروجيني PH لمحلول CH3COONH4 يساوي.. ', '2021-01-20', 'Zero', '3', '7', '14', '3', '', NULL),
(3, 15, 'لا يتغير لون صبغة عباد الشمس عند إضافتها لمحلول.. ', '2021-01-20', 'NH4CI', 'K2CO3', 'CH3COOK', 'KCI', '4', '', NULL),
(4, 15, 'الصيغة الكميائية لمركب نترات الحديد (II) هي.. ', '2021-01-20', 'Fe3(NO3)2', 'Fe2(NO3)3', 'Fe(NO3)3', 'Fe3NO3', '3', '', NULL),
(5, 15, 'يُعرف المركب NH4) 2 HPO4)  بإسم.. ', '2021-01-20', 'فوسفات النشادر ', 'فوسفات الامونيوم الهيدروجينية', 'فوسفات الامونيوم', 'فوسفيد الامونيوم الهيدروجينة ', '2', '', NULL),
(6, 15, 'يتحد أيون الفلز M مع مجموعة الفوسفات الهيدروجينة مكوناً المركب MHPO4.. ما صيغة كلوريد هذا الفلز M..؟ ', '2021-01-20', 'MCL3', 'M2CL2', 'MCL2', 'MCL', '3', '', NULL),
(7, 15, 'أياً من المواد الاتية تستخدم في عمليات المعايرة.؟ ', '2021-01-20', 'حمض لا يذوب في الماء مع قاعدة لا تذوب في الماء ', 'حمض لا يذوب في الماء مع قادعدة تذوب في الماء ', 'حمض يذوب في الماء مع قاعدة لا تذوب في الماء ', 'حمض يذوب في الماء مع قاعده تذوب في الماء ', '4', '', NULL),
(8, 15, 'أياً من المركبات الاتية لا يعتبر من الاملاح.؟ ', '2021-01-20', 'فورمات الصوديوم ', 'هيدروكسيد الصوديوم', 'كربونات الصوديوم ', 'اسيتات الصوديوم ', '2', '', NULL),
(9, 15, 'أياً من المواد الاتية تستخدم لتقليل حامضية تربة زراعية.. ', '2021-01-20', 'كلوريد الكالسيوم ', 'كبريتات الكالسيوم ', 'نترات الكالسيوم ', 'هيدروكسيد الكالسيوم ', '4', '', NULL),
(10, 15, 'لا يحضر ملح كبريتات النحاس II من تفاعل حمض الكبريتيك مع........ ', '2021-01-20', 'النحاس ', 'اكسيد النحاس II', 'كربونات النحاس II', 'هيدروكسيد النحاس II', '1', '', NULL),
(11, 15, 'أياً من المواد الاتية لا يتفاعل مع محلول هيدروكسيد البوتاسيوم الساخن... ', '2021-01-20', 'محلول كبريتات النحاس II', 'محلول كبريتات الصوديوم ', 'اكسيد الالومنيوم الصلب ', 'كلوريد الالومنيوم الصلب ', '3', '', NULL),
(12, 15, 'المحلول الناتج من تعادل........ تكون قيمة PH لة أكبر ما يُمكن ', '2021-01-20', 'HNO2 , KOH', 'HNO3 , NaOH', 'HCI , NH4OH', 'HCI , Na2CO3', '1', '', NULL),
(13, 16, 'كرة البوكي له شكل كروي بينما الاغشة النانوية الرقيقة ', '2021-01-26', 'بيضاوية الشكل ', 'من المواد ثنائية البعد النانوي', 'مسطحة ', 'اسطوانية الشكل ', '3', '', NULL),
(20, 16, 'ما الصيغة الكميائية لأكسيد النيتروجين الذي يحتوي علي 63.65% من كتلتة نيتروجين.؟ ', '2021-01-26', 'NO', 'N2O', 'NO2', 'N2O4', '2', '', NULL),
(21, 16, 'عدد وحدات الصيغة الاولية للمركب C2H2O4 تساوي ', '2021-01-26', '1', '2', '3', '4', '2', '', NULL),
(22, 16, 'ايا من المواد الاتية تتواجد في المحاليل المائية في صورة ايونات.؟ ', '2021-01-26', 'الكحول الايثيلي ', 'حمض الكبريتيك ', 'الجلوكوز ', 'الميثانول', '2', '', NULL),
(23, 16, 'ما تركيز محلول هيدروكسيد الصوديوم حجمة 200ml الذي يحتوي علي 0.4g من هيدروكسيد الصوديوم NaOH (المول منة 40g)؟ ', '2021-01-26', '0.005M', '0.05M', '5M', '0.5M', '2', '', NULL),
(24, 16, 'يزداد درجة غليان محلول.....بدرجة اعلي في حالة تساوي التركيز المولالي لكل منها. ', '2021-01-26', 'كربونات الصوديوم ', 'فوسفات الصوديوم ', 'كلوريد الكالسيوم ', 'الايثانول ', '2', '', NULL),
(25, 16, 'يتلون المحلول بلون احمر عند اضافة الميثيل البرتقالي الي محلول...', '2021-01-26', 'كربونات الصوديوم', 'كلوريد الصوديوم', 'كلوريد الامونيوم', 'اسيتات الصوديوم', '3', '', NULL),
(26, 16, 'المحلول الذي يحتوي علي عدد ايونات +H اقل من عدد ايونات - OH يكون محلول...', '2021-01-26', 'حامضي ', 'قاعدي', 'متعادل', 'متردد', '2', '', NULL),
(27, 16, 'يمكن زيادة كمية النشادر المحضرة صناعيا بزيادة الضغط فما العلم المهتم بدراسة هذا التفاعل.؟', '2021-01-26', 'الكيمياء الحيوية', 'الكيمياء البيئية', 'الكيمياء الفزيائية', 'الكيمياء التحليلية', '3', '', NULL),
(28, 16, 'كتلة ثلاث ذرات كالسيوم تساوي g.....', '2021-01-26', '10-22×1.99', '10-23×5', '40', '1023×6.02', '1', '', NULL),
(29, 16, '370.3cm3 تساوي.. ', '2021-01-26', '3.703L', '37.03L', '0.3703L', '370.3L', '3', '', NULL),
(30, 16, 'طبقا لنظرية برونشتد _ لوري لابد ان يحتوي خليط الماء مع حمض الهيدروكلوريك علي... ', '2021-01-26', '-OH', 'CI', '-CI', '-NO3', '3', '', NULL),
(31, 16, 'الضباب الذي يعرف بالشبورة نظام غروي... ', '2021-01-26', 'غاز في سائل ', 'صلب في غاز', 'غاز في غاز ', 'سائل في غاز ', '4', '', NULL),
(32, 16, 'الحمض الذي يعطي بروتونا واحدا عند ذوبانه في الماء هو', '2021-01-26', 'حمض الالكساليك ', 'حمض الكبريتيك ', ' حمض الاسيتيك', 'حمض الكربونيك', '3', '', NULL),
(33, 16, 'عند ذوبان 1mol من كلوريد الباريوم في الماء ذوبانا كاملا فان عدد الايونات الكلية تساوي....', '2021-01-26', 'عدد افوجادرو', ' 4 × عدد افوجادرو', '3  × عدد افوجادرو', ' 2 × عدد افوجادرو', '3', '', NULL),
(34, 16, 'عدة غازات مختلفة في نفس الظروف من الضغط ودرجة الحرارة حجمها 10L فتكون...', '2021-01-26', 'كتلتها متساوية', 'عدد مولاتها مختلفة', 'عدد جزيئاتها متساوية', 'عدد ذراتها متساوية', '3', '', NULL),
(35, 16, 'ما كتلة غاز ثاني اكسيد الكربون الذي يشغل حجما مقداره(100ml (at STP', '2021-01-26', '0.196g', '0.005g', '0.02g', '0.5g', '1', '', NULL),
(36, 16, 'عدد ذرات الاكسجين في 50g من كربونات الكالسيوم تساوي', '2021-01-26', '1023×3.01', '1023×6.02', '1024×9.03', '1023×9.03', '4', '', NULL),
(37, 16, '107×3 ns تعادل.. ', '2021-01-26', '0.003s', '0.03s', '0.303s', '0.333s', '2', '', NULL),
(38, 18, ' الجدول التالي يوضح انصاف اقطار اربع ذرات لعناصر مختلفة في نفس الدورة الافقية  (A) , (B) , (C) , (D)فان اعلي سالبية كهربية تكون للعنصر ..................', '2021-01-29', 'A', 'B', 'C', 'D', '3', 'PicsArt_01-28-11.50.49.jpg', NULL),
(39, 18, ' في التفاعل السابق، العنصر الذي لم يتغير عدد تأكسدة هو ................', '2021-01-29', 'الكربون ', 'الاكسجين ', 'الهيدروجين ', 'الكربون والهيدروجين', '3', 'PicsArt_01-28-12.07.54.jpg', NULL),
(40, 18, 'في التفاعل السابق، فإن الكبريت..... ', '2021-01-29', 'حدث اكسدة لجزء منة واختزال لجزء اخر ', 'حدث له اختزال من +3 الي 0', 'عدد تأكسدة ثابت ولا يتغير ', 'حدث له اكسدة من +3 الي +4', '1', 'PicsArt_01-28-11.57.35.jpg', NULL),
(41, 18, 'في التفاعل السابق، يكون ..... ', '2021-01-29', 'H2SO4 عامل مختزل ', 'حدث اكسدة للكبريت', 'حدث اختزال للبروم ', 'HBr عامل مختزل ', '4', 'PicsArt_01-28-12.01.42.jpg', NULL),
(42, 18, 'يتفق كل من دالتون وطومسون في ان ذرة الكربون ..................', '2021-01-29', 'تحتوي علي الكترونات سالبة', 'متعادلة كهربيا ', 'لايوجد بها فراغات ', 'كرة متجانسة', '3', '', NULL),
(43, 18, 'احتمال تواجد الكترون حول النواه بعبر عنها من خلال ........... ', '2021-01-29', 'الاوربيتالات والسحابة الالكترونية  ', 'الكوانتم وطيف الانبعاث   ', 'طيف الانبعاث الخطي والاوربيتال  ', 'الكوانتم والسحابة الالكترونية', '1', '', NULL),
(44, 18, 'اكبر قدر من الطاقة ينطلق عندما ينتقل الكترون ذرة الهيدروجين المثار ........', '2021-01-29', 'من المدار (L) الي المدار (K) ولة طبيعة مزدوجة ', 'من المدار (L) الي المدار (K) ويمكن تحديد سرعتة ومكانتة بدقة ', 'من المدار (N) الي المدار (M) ولا يمكن تحديد مكانة وسرعتة بدقة ', 'من المدار (M) الي المدار (L) ويمكن تحديد مكانة ', '1', '', NULL),
(45, 18, 'اذا علمت ان المستويات الفرعية في احد مستويات الطاقة الرئيسية  S , P , d فقط , فان الرمز الخاص بهذا المستوي الرئيسي يكون ....', '2021-01-29', 'K', 'L', 'M', 'N', '3', '', NULL),
(46, 18, 'قيم عدد الكم الرئيسي والمغناطيسي للاكترون قبل الاخير في ذرة 11Na تكون  ................', '2021-01-29', 'n = 3  ,  ml = +2', 'n = 2  ,  ml = +1', 'n = 3  ,  ml = -1', 'n = 2  ,  ml = -2', '2', '', NULL),
(47, 18, ' في ذرة الهيليوم 2He نجد ان ......... ', '2021-01-29', 'قيم عدد الكم المغزالي تكون مختلفة  ', 'Ml = +1 ', 'قيم عدد الكم المغزالي تكون متشابهة  ', 'ml = -1', '1', '', NULL),
(48, 18, 'جهد التاين الاول لذرة الفلور (9F) اكبرمن جهد التأين الاول للأكسجين (8O) لان ........', '2021-01-29', 'نصف قطر الفلور ', 'نصف قطر الفلور >  نصف قطر الاكسجين ', 'عدد مستويات الطاقة في الفلور > عدد مستويات الطاقة في الاكسجين ', 'عدد مستويات الطاقة في الفلور ', '1', '', NULL),
(49, 18, 'عنصر X العدد الذري له (26) , فان عدد الاوربيتالات النصف ممتلئة بالالكترونات في الايون II يساوي ...........', '2021-01-29', '2', '3', '4', '5', '3', '', NULL),
(50, 18, 'اضعف الفلزات في المجموعة (2A) في الجدول الدوري يقع في الدورة ..............', '2021-01-29', 'الخامسة', 'الثانية ', 'السادسة', 'السابعه', '2', '', NULL),
(51, 18, 'عناصر تركيبها الالكتروني (nS1.2  ,   np1.3) يكون نوعها .................', '2021-01-29', 'عناصر انتقالية رئيسية', 'عناصر نبيلة', 'عناصر ممثلة', 'عناصر انتقالية داخلية ', '3', '', NULL),
(52, 18, 'عنصر X يحتوي مستواه الرئيسي الاخير n = 3 علي ست الكترونات فيكون اكسيدة .........', '2021-01-29', 'قاعدي', 'متعادل ', 'متردد', 'حامضي ', '4', '', NULL),
(53, 18, 'M عنصر فلزي من اكاسيدة (MO / MO2 / M2O3), ترتب هذه الاكاسيد حسب طول الرابطة كالاتي ..........', '2021-01-29', 'MO2 > M2O3 > MO', 'MO2 > MO > M2O3', 'MO > M2O3 > MO2', 'M2O3 > MO > MO2', '3', '', NULL),
(54, 18, 'العناصر التي ينتهي التوزيع الالكتروني لذراتها بالمستويات (n S 2  ,  n P 5 ) , عند مقارنتها بباقي مجموعات الجدول الدوري يكون .........', '2021-01-29', 'ميلها الالكتروني كبير واكاسيدها اكبرقاعدية', 'ميلها الالكتروني كبير واكاسيدها اكبر حامضيه ', 'ميلها الالكتروني صغير واكاسيدها اقل قاعدية', 'ميلها الالكتروني صغير واكاسيدها اقل حامضية ', '2', '', NULL),
(55, 18, 'عنصر ينتهي توزيعة الالكتروني بالمستوي الفرعي (6P5) يكون هذا العنصر بالنسبة لعناصر دورته .........', '2021-01-29', 'فلزي وجهد تأينه كبير ', 'فلزي وجهد تأينه صغير ', 'لا فلزي وجهد تأينه كبير ', 'لا فلزي وجهد تأينه صغير', '3', '', NULL),
(56, 18, 'اذا علمت ان العنصر A يسبق العنصر B في نفس الدورة والعنصر A يسبق العنصر C في نفس المجموعة فان ترتيب هذه العناصر حسب انصاف اقطارها يكون كالاتي ..........', '2021-01-29', 'B  >  A  >  C', 'A  >  B  >  C', 'A  >  C  >  B', 'C  >  A  >  B', '4', '', NULL),
(57, 18, 'عنصر X التوزيع الالكتروني له ينتهي بالمستوي 4d3 تكون المستويات الفرعية الممتلئة بالالكترونات تساوي ....', '2021-01-29', '9', '10', '4', '3', '1', '', NULL),
(58, 18, ' في المركب الذي له الصيغة الجزيئية التالية H3AIO3 تكون ...........', '2021-01-29', 'قوة الجذب بين (+H+  ,  AI3) تساوي قوة الجذب بين (+H+  ,  O2)', 'قوة الجذب بين (+O2-  ,  AI3) اكبرمن قوة الجذب بين (-H+  ,  O2)', 'قوة الجذب بين (+O2-  ,  AI3) تساوي قوة الجذب بين (-H+  ,  O2)', 'قوة الجذب بين (+O2-  ,  AI3) اصغر من قوة الجذب بين (-H+  ,  O2)', '3', '', NULL),
(59, 20, 'كل مما ياتي من الخواص الجمعية للمحاليل عدا ....', '2021-02-20', 'ارتفاع درجة الغليان', 'التوتر السطحي', ' انخفاض درجة التجمد', 'انخفاض الضغط البخاري', '2', '', NULL),
(60, 20, 'ذوبان 1mol  من ........... في لتر من الماء يكون له الاثر الاكبر في انخفاض الضغط البخاري للماء ..', '2021-02-20', 'MgCI2', 'C6H12O6', 'KBr', 'KCI', '1', '', NULL),
(61, 20, 'الدم نظام غروي من النوع .....', '2021-02-20', ' غاز في غاز', ' صلب في سائل ', ' غاز في صلب', ' سائل في غاز', '2', '', NULL),
(62, 20, ' في تفاعل الامونيا مع حمض الهيدوكلوريك يعتبر ايون الامونيوم (NH4+) ', '2021-02-20', 'قاعدة مرافقة', 'قاعدة', 'حمض', 'حمض مرافقة', '4', '', NULL),
(63, 20, ' ايا من المواد الاتية تذوب في الماء مكونة محلول حامضي ..؟', '2021-02-20', 'NaCI', 'NH3', 'CO2', 'C6H12O6', '3', '', NULL),
(64, 20, 'حمض الفوسفوريك من الاحماض ................ البروتون. ', '2021-02-20', 'احادية', 'ثنائية', 'ثلاثية ', 'عديدة', '3', '', NULL),
(65, 20, 'قيمة PH  التي يكون عندها لون دليل الفينولفثالين احمر وردي ....', '2021-02-20', '2', '4', '6', '9', '4', '', NULL),
(66, 20, 'الانيون في ملح كربونات الصوديوم الهيدروجينية هو .....', '2021-02-20', '-HCO3', '--CO3', '-HSO4', '-SO4', '1', '', NULL),
(67, 20, 'يمكن التميز بين حمض الهيدروكلوريك ودليل الفينول فيثالين عديمة اللون باضافة ......', '2021-02-20', ' حمض H2SO4', 'حمض HNO3', 'NaOH', 'الماء', '3', '', NULL),
(68, 20, 'عند ذوبان 16.4 من HF في الماء يتكون محلول حجمة ml  2  10 × 2 وتركيزة.....', '2021-02-20', '4.1M ', '0.08M', '0.16M', '0.82M', '1', '', NULL),
(69, 20, 'ما تركيز هيدروكسيد الصوديوم حجمه 2.5L  يحتوي علي 0.4g من NaOH .......', '2021-02-20', '0.016% ', ' 16%', '1.6%', '0.16%', '1', '', NULL),
(70, 20, 'عند تبخر نصف كمية ماء محلول تركيزه 0.1 mol/Kg  من سكر السكروز فأن تركيزه ......', '2021-02-20', 'يتضاعف', ' يقل للنصف', 'يقل للربع', 'لا يتغير ', '1', '', NULL),
(71, 20, 'الانخفاض في درجة تجمد المحلول يتناسب .......... مع تركيز المحلول ', '2021-02-20', 'تناسب غير منتظم ', 'طرديا', 'عكسيا ', 'لا يتغير ', '3', '', NULL),
(72, 20, 'ما كتلة أكسيد الماغنسيوم اللازمة للتفاعل تماماً مع 40 mol  من حمض الهيدروكلوريك تركيزه 1 mol/L', '2021-02-20', '1.6g', '2.4g', '3.2g', '0.8g', '4', '', NULL),
(73, 20, 'يعرف المركب NH4HSO4  باسم ........... ', '2021-02-20', 'كبريتات الالومنيوم', ' كبريتات الالومنيوم الهيدروجينية', ' كبريتات الامونيوم', 'كبرتيت الامونيوم', '2', '', NULL),
(74, 20, 'أي الملاح الاتية يكون حمضي التأثير علي دليل عباد الشمس .....', '2021-02-20', 'CH3COONa', 'NaCl', 'NH4Cl', 'NaOH', '3', '', NULL),
(75, 20, 'الفوم و المعروف عند العامة باسم الاسفنج الصناعي يعتبر نوعا من الانظمة الغروية المشابهة لنوع .......؟', '2021-02-20', 'جل الشعر', 'زلال البيض', 'حلوي الهلام', 'الدم', '3', '', NULL);

-- --------------------------------------------------------

--
-- Table structure for table `user_token`
--

CREATE TABLE `user_token` (
  `id` int(11) NOT NULL,
  `username` varchar(225) CHARACTER SET utf8 NOT NULL,
  `token` varchar(225) CHARACTER SET utf8 NOT NULL,
  `timemodified` timestamp NOT NULL DEFAULT current_timestamp()
) ENGINE=InnoDB DEFAULT CHARSET=utf8 COLLATE=utf8_unicode_ci;

--
-- Dumping data for table `user_token`
--

INSERT INTO `user_token` (`id`, `username`, `token`, `timemodified`) VALUES
(1, 'رضا مختار', 'AZqBon3ez4', '2021-01-07 07:37:11'),
(2, 'امجد محمد', 'FbzlaZiNCM', '2021-01-09 20:50:44'),
(3, 'حسناء عرفه احمد ', 'lSdESDaZXF', '2021-01-10 18:28:28'),
(4, 'رحمه عزت ضبيش ', 'HGzH0O0v1m', '2021-01-10 18:31:13'),
(5, 'أحمد خالد ابراهيم السيد ', '4DsTft3uYc', '2021-01-10 18:32:27'),
(6, 'شهد عبدالحميد زيان', 'oFwMBwdI9y', '2021-01-10 18:35:27'),
(7, 'رافت ابراهيم', '5GeWcOUMnb', '2021-01-10 18:35:30'),
(8, 'Salma salah', '5kfSPaF9by', '2021-01-10 18:36:16'),
(9, 'Ahmed Ghalab', 'g7paNhNhq3', '2021-01-10 18:38:18'),
(10, 'Abdo Refeat', 'uedoPXGMj0', '2021-01-10 18:40:33'),
(11, 'إسراء محمود عبد الفتاح عبد العزيز', 'o25w8f7Vkx', '2021-01-10 18:43:37'),
(12, 'محمد حسام ', 'KcXayBlnzn', '2021-01-10 18:54:53'),
(13, 'عبدالرحمن عبدالمنعم شوقي ', 'KbEg107OC8', '2021-01-10 18:55:02'),
(14, 'احمد خالد زكريا', 'vTBYUOwNP8', '2021-01-10 19:40:01'),
(15, 'عادل سعد المغني ', 'ztLpP6SNNV', '2021-01-10 19:52:26'),
(16, 'mohamed alabd', '6OnTtkiDZL', '2021-01-10 20:02:36'),
(17, 'Hoda Yasser ', 'k5ut091PIU', '2021-01-10 20:07:40'),
(18, 'بسنت شعبان قاسم ', 'Bs64rJlndB', '2021-01-10 20:12:24'),
(19, 'سهيلة زايد ', 'zyEco8Gbhh', '2021-01-10 20:13:18'),
(20, ' إسراء محمد السعيد عبدالله ', 'u2SI6STGd2', '2021-01-10 20:13:48'),
(21, 'shaimaa waleed ', 'oLv1xLk7r6', '2021-01-10 20:30:06'),
(22, 'ابراهيم عماد ابراهيم عبد العاطي ', 'rWrxzSvsup', '2021-01-10 20:33:01'),
(23, 'Hagar ahmed ', 'IbPMNlYijB', '2021-01-10 20:40:13'),
(24, 'سحر السعيد محمد', 'YCcPRvQF4q', '2021-01-10 20:51:04'),
(25, 'WazanRowaida', 'zoffs6Lziy', '2021-01-10 20:57:34'),
(26, 'rowaidawazan', 'g72VXoxtFB', '2021-01-10 20:59:30'),
(27, 'شيماء سعيد الشحات', 'N1nSbqUkMv', '2021-01-10 21:03:07'),
(28, 'إبراهيم عبدالعزيز القرش ', 'sgiAaUJd7j', '2021-01-10 22:27:09'),
(29, 'أحمد أسامة حمدي', '5b1VlBKNk4', '2021-01-11 10:31:04'),
(30, 'احمد الدسوقي محمد ضبيش ', 'BiqTk9KhZm', '2021-01-11 11:34:16'),
(31, 'آلاء رمضان شحاتة ', 'OyIt6hd6qq', '2021-01-11 12:41:35'),
(32, 'محمد عبدالناصر غازي ', 'U7Rebuyyln', '2021-01-11 12:43:17'),
(33, 'محمد', 'xzSPwO65Qu', '2021-01-11 13:08:42'),
(34, 'محمدرضا جمعه سعد', 'GhIK7aSetP', '2021-01-11 13:09:50'),
(35, 'Fathy Reda Fathy Bahnasy ', 'r7IrAecmiJ', '2021-01-11 13:10:52'),
(36, 'احمد محمد مصطفى بلتاجى', '03CT4kYCYK', '2021-01-11 13:12:38'),
(37, 'ايمان عبدالنبي السعيد رجب', 'vOqDHd2H4N', '2021-01-11 13:13:19'),
(38, 'ايمان عثمان محمد خزعل ', 'aIjmpm6mqv', '2021-01-11 13:19:35'),
(39, 'فاديه عاطف شعبان عرفه ', 'Ku2d7QtIC0', '2021-01-11 13:21:41'),
(40, 'ايمان السعيد سعد السيد ', 'DjLs9Hd0Fn', '2021-01-11 13:23:51'),
(41, 'نرمين احمد بدير احمد ', 'cF2NHTgImj', '2021-01-11 13:24:59'),
(42, 'محمد فتوح طه العادلى ', 'cxQFwf2Oez', '2021-01-11 13:26:22'),
(43, 'منة الله عصام محمد ابوصالح', 'AE3BbGva1Q', '2021-01-11 13:31:18'),
(44, 'محمود عطا محي الدين ', 'rlZge9Xfg9', '2021-01-11 13:34:49'),
(45, 'هدير مصباح إبراهيم رضوان ', 'UCIMszggm4', '2021-01-11 13:36:34'),
(46, 'أروى رمضان محمد ابو شعيشع  ', '8dOMLDRPRn', '2021-01-11 13:36:52'),
(47, 'Menna Ebrahim', 'BCUXD5ZQPH', '2021-01-11 13:42:54'),
(48, 'فاطمة امين محمد ', 'YEb94HWk93', '2021-01-11 13:51:36'),
(49, 'روان حماد', 'IeeLlUEmBY', '2021-01-11 13:51:54'),
(50, 'جنه محمد حسن ابراهيم حسين ', 'faK7iQ6vMs', '2021-01-11 14:03:09'),
(51, 'عادل فتحى إبراهيم عبد السلام ضبيش', 'WOxhJDIU8Y', '2021-01-11 14:03:22'),
(52, 'Abdullah ibrahim abdullah Zayed ', 'PKg9xJkoTP', '2021-01-11 14:05:07'),
(53, 'روميساء عبدالدايم محمد محد ', 'f6ZIe0bWBF', '2021-01-11 14:14:26'),
(54, 'إسراء محمد السعيد عبدالله ', 'GdHMWFaAhR', '2021-01-11 14:28:40'),
(55, 'فتحى محمد فتحى محمد ', 'eBKy21O6Ca', '2021-01-11 14:37:38'),
(56, 'صلاح فتوح الشاذلى محمد', 'UjHJnc1VmH', '2021-01-11 14:49:37'),
(57, 'ريم ابراهيم مصطفى احمد ', 'vANhHMRbWM', '2021-01-11 15:13:54'),
(58, 'محمود مصباح السيد محمود ', 'YRwPdUIvkj', '2021-01-11 15:59:31'),
(59, 'عمرو مدحت عبدالله الشهاوي ', 'dLWHy4FzWc', '2021-01-11 16:03:46'),
(60, 'احمد فوزي السيد احمد', 'gYKkW8iYQ4', '2021-01-11 16:18:13'),
(61, 'عبدالرحمن علاء شوقي مصطفي ', '5dyt2P9FpJ', '2021-01-11 16:33:55'),
(62, 'Bassam Mahdy', 'GbwuWzLyXF', '2021-01-11 16:39:32'),
(63, 'كريمة عيد السعيد عبدالله', 'JAUN4iye8m', '2021-01-11 17:07:56'),
(64, 'يحى رمزى عبد الهادى احمد ', 'JLjIigBJCg', '2021-01-11 17:31:39'),
(65, 'توفيق عبد المنعم عبد الستار بهنسي', '4CTNR7IIoJ', '2021-01-11 17:35:25'),
(66, 'أسماء محمد فوزى', 'XSw4mKmZQ2', '2021-01-11 17:35:26'),
(67, 'عمرو مدحت عبدالله الشهاوي ي  ', 'NThiLiLJyc', '2021-01-11 17:43:08'),
(68, 'شيماء جمعة سالم', 'jIFlwj9vgS', '2021-01-11 18:05:42'),
(69, 'جمال وليد قطب عبد الفتاح ', '8d4WMu0q8m', '2021-01-11 18:14:16'),
(70, 'Mahmoud Mohammed Elsayed Hamad', 'SmGcQtZg9Z', '2021-01-11 18:55:50'),
(71, 'سحر السعيد محمد عبد المجيد ', 'tuSBZXGWyo', '2021-01-11 19:46:33'),
(72, 'غاده ياسر محمد العشري ', 'NV4EXv8hTT', '2021-01-11 19:46:56'),
(73, 'محمد  سمير صبري احمظ', '56rIlFvt14', '2021-01-11 20:06:56'),
(74, 'مريم محمد احمد بهنسي ', '5KO4GZTv78', '2021-01-11 20:41:56'),
(75, 'هاجر ممدوح ', 'qqrb4Qx8Kr', '2021-01-11 21:00:08'),
(76, 'خيري عبدالستار محمد احمد', 'd0xxVdvOeq', '2021-01-11 21:54:09'),
(77, 'سامية محمد احمد السراجى', 'BKmGcsTjgz', '2021-01-11 22:08:01'),
(78, 'Menna Mohamed Ali Hassan', '1Gh1v8YTL4', '2021-01-11 22:52:57'),
(79, 'laila Mohamed ', 'yeTo9pkEfq', '2021-01-12 07:14:16'),
(80, 'Weam Adel Abdelnaby Ahmed', '5MFsN711PS', '2021-01-12 08:39:06'),
(81, 'شهد لطفي خفاجي احمد', 'p1CUVaUKjC', '2021-01-12 10:35:06'),
(82, 'هدى ياسر رشاد عبدالسلام ', 'LOP1vqSGg4', '2021-01-12 10:46:52'),
(83, 'حبيبه السيد صبحي حلاوه ', 'hNSxutQdoJ', '2021-01-12 11:55:16'),
(84, 'الاء محمود صبحي حلاوه ', 'Zrjb3bPx56', '2021-01-12 11:58:55'),
(85, 'حبيبه شوقي ابراهيم خليفه ', 'KTDycpYaml', '2021-01-12 13:44:16'),
(86, 'Arwa Samer Alghannam', '3eFnN3YH1e', '2021-01-12 14:04:36'),
(87, 'Salma marwan', 'hFr1TPblI5', '2021-01-12 15:29:52'),
(88, 'Esraa Hassan Abbas Mohamed', 'sBfG2Tq4xZ', '2021-01-12 15:37:52'),
(89, 'أمل سعد إسماعيل ', 'qT47yyJLAK', '2021-01-12 19:30:39'),
(90, 'AMAR YASSER ', 'ifPZZJXmw4', '2021-01-12 19:39:27'),
(91, 'دلال اشرف يوسف محمد ', 'iK5JHBqrgT', '2021-01-13 07:42:58'),
(92, 'امانى بهجت ', 'C85IuWShWc', '2021-01-13 10:58:33'),
(93, 'ياسمين محمد محمود بسيوني', 'XUBUGTmsZ1', '2021-01-13 11:16:49'),
(94, ' نرمين بسيونى سعد قنديل', 'D5QaYj880O', '2021-01-13 13:59:03'),
(95, 'فاطمة محمود عبد الخالق على ', 'o0XCoTGW6v', '2021-01-13 17:14:35'),
(96, 'هدير محمد ابراهيم عمار', 'sswxyk7qRP', '2021-01-13 19:44:05'),
(97, ' سماسم محمد حماد', 'TZ37hk2jMT', '2021-01-13 19:57:52'),
(98, 'هاجر ممدوح طه', '8xZPAfNpXz', '2021-01-14 09:19:04'),
(99, 'نور زين العابدين فتوح إبراهيم', 'LSHfToBbs4', '2021-01-14 11:37:17'),
(100, 'Yousef Reda Hegazy ', 'KxF4RYE804', '2021-01-14 16:23:44'),
(101, 'سارة رمضان احمد', 'geJ3wiyXCH', '2021-01-14 18:21:19'),
(102, 'احمد فوزي محمد عبده', 'DN07Quh8bZ', '2021-01-14 18:45:13'),
(103, 'محمد يوسف الهوارى', 'ugG03Hd6aw', '2021-01-14 18:46:28'),
(104, 'جنه محمد حسن ابراهيم ', 'vKpQwgdnGz', '2021-01-14 18:51:18'),
(105, 'جنه محمد حسن إبراهيم ', '5ezU30a4ug', '2021-01-14 18:54:17'),
(106, 'عبداللطيف محمد محمود جلال', 'kO5SVGOpl0', '2021-01-14 18:58:48'),
(107, 'علياء عبدالله محمد ريحان', 'MUkglo2PBh', '2021-01-14 19:01:32'),
(108, 'روان واصف احمد بلتاجى ', 'nkmPRznUEc', '2021-01-14 19:05:27'),
(109, 'السيد صالح دياب ', 'QVIvxxRD6e', '2021-01-14 19:11:59'),
(110, 'فتحي رضا فتحي بهنسى ', 'RlCEhWHzGB', '2021-01-14 19:34:24'),
(111, 'الاء السيد نبيل ابراهيم', 'awbFEOAWwe', '2021-01-14 21:39:13'),
(112, 'Menna Mohamed Ali ', 'nr4UioMjc5', '2021-01-15 13:39:14'),
(113, 'داليا رضا محمد عبيد', 'mfPsRMieck', '2021-01-15 19:18:57'),
(114, 'محمد عبدالجواد عبدالحي', 'VhdLV4pHTp', '2021-01-17 04:24:33'),
(115, 'يوسف وائل يوسف عصر', 'FDBUzzm9N3', '2021-01-18 16:50:54'),
(116, 'أميرة أشرف أحمد علي ', 'WHN3dokc7f', '2021-01-19 19:06:26'),
(117, 'Mai Ashraf', 'qqIietBsyK', '2021-01-19 19:06:45'),
(118, 'محمود عطا شاهين', 'nNmVk8TkFW', '2021-01-19 19:06:52'),
(119, 'سحر السعيد محمد ', '23d0qFRxYx', '2021-01-19 19:09:04'),
(120, 'محمد عبدالجواد عبدالحي عبدالجواد أبوعاصي', 'R3i3EiwHmI', '2021-01-19 19:12:03'),
(121, 'جنه محمد حسن ابراهيم ', 'vKpQwgdnGz', '2021-01-19 19:14:30'),
(122, 'ايمان السعيد سعد السيد يوسف ', '9iCQMsp7Ss', '2021-01-19 19:21:03'),
(123, 'Zeinanb helal', 't5nvhJtIc1', '2021-01-19 19:32:18'),
(124, 'ريهام احمد سمير محمد', 'RnRZWAGTrv', '2021-01-19 19:35:27'),
(125, 'Toqa Hesham darwesh mohamed', 'OvmSiXbHgw', '2021-01-19 20:06:21'),
(126, 'aya mohamed fawzi', 'qrnIqq245j', '2021-01-19 22:43:01'),
(127, 'بثينه عبدالجواد ', 'I34OnKayqj', '2021-01-20 06:01:14'),
(128, 'شيماء يونس محمد عبد الرحيم ', 'qeMtJw6nQ5', '2021-01-20 10:01:55'),
(129, 'ابراهيم عماد ابراهيم عبد العاطي ', 'rWrxzSvsup', '2021-01-20 10:18:32'),
(130, 'سحر السعيد محمد ', 'YKY8LApDr6', '2021-01-20 10:35:09'),
(131, 'زياد يحيي زكريا عبد الحليم ', 'Tt3diqpsKE', '2021-01-20 10:44:24'),
(132, 'شهد امجد السعيد بهنسى ', 'bBJlsRx0oT', '2021-01-20 10:44:58'),
(133, 'أيه على فهمي الهنداوي ', 'KGoDGCnQCt', '2021-01-20 11:04:20'),
(134, 'اسماء ابراهيم احمد البديوي', '4Fy8Ojqb62', '2021-01-20 11:18:08'),
(135, 'آيه عصام احمد محمد', '3CNoQAD2xV', '2021-01-20 11:34:29'),
(136, 'اسراء محمد السعيد عبدالله ', 'DDwBW52QsN', '2021-01-20 11:37:47'),
(137, 'mohamed ali alabd', 'ig3kzxmlEq', '2021-01-20 11:47:40'),
(138, 'رحاب سعيد احمد الجندي ', 'WUFTbkbXtY', '2021-01-20 12:05:12'),
(139, 'رويده عصام ', 'eJ6PRTSXOn', '2021-01-20 12:17:41'),
(140, 'روميساء عبدالدايم محمد محمد', 'ILIMBr9dTR', '2021-01-20 12:34:09'),
(141, 'سحر السعيد محمد ', 'TDYpw3Lful', '2021-01-20 12:42:04'),
(142, 'جنه محمد حسن ابىاهيم ', 'w7sv7tMDgU', '2021-01-20 12:58:29'),
(143, 'جنه محمد حسن إبراهيم ', 'm4fmn3qMQq', '2021-01-20 12:59:34'),
(144, 'شهد محمد حسن ابراهيم ', 'xJKVAaKgiN', '2021-01-20 13:06:05'),
(145, 'ذياد محمد ابراهيم السيد بلتاجي', '069jwGRf2n', '2021-01-20 13:15:15'),
(146, 'Amira', 'fN1K67gbdX', '2021-01-20 13:17:31'),
(147, 'نرمين بسيونى سعد قنديل', 'mI33N3IBTK', '2021-01-20 13:18:09'),
(148, ' جنه محمد حسن ابراهيم حسين الصباغ ', 'bh6iLtF0Ux', '2021-01-20 13:18:32'),
(149, 'جنه محمد حسن ابراهيم حسين الصباغ ', 'pRbTMIDtCw', '2021-01-20 14:00:28'),
(150, 'روان اشرف رمضان قاسم', '68hCLND6ND', '2021-01-20 15:02:09'),
(151, 'جنه محمد حسن ابراهيم ', 'vKpQwgdnGz', '2021-01-20 15:09:22'),
(152, 'حسام السيد ابراهيم محمد ', 'uhH3vjI4Yh', '2021-01-20 15:11:03'),
(153, 'روضه يوسف بدير', 'vIh9jEp0Da', '2021-01-20 15:25:42'),
(154, 'سحر السعيد محمد عبد المجيد ', 'tuSBZXGWyo', '2021-01-20 15:32:04'),
(155, 'نرمين بسيونى سعد قنديل', 'mI33N3IBTK', '2021-01-20 15:41:03'),
(156, 'روضه يوسف بدير الشهاوي', 'Pdy7PTl8Z0', '2021-01-20 15:53:53'),
(157, 'Mohammed', '1M4uJL4mMG', '2021-01-20 16:18:27'),
(158, 'روضه يوسف بدير الشهاوي', 'Pdy7PTl8Z0', '2021-01-20 16:26:11'),
(159, 'ساره رجب محمد منصور ', 'a8iwSNi8UY', '2021-01-20 16:34:04'),
(160, 'ندي هشام محمد محمود', 'Ahe9V61ljc', '2021-01-20 16:34:42'),
(161, 'مريم عبدالنبي عاطف جامع', 'Ie5SewVrTF', '2021-01-20 16:35:22'),
(162, 'حسام السيد ابراهيم علي', 'hdjmeabqHF', '2021-01-20 16:37:13'),
(163, 'محمد عيد احمد غازى', 'ANnF2HeAbV', '2021-01-20 16:39:52'),
(164, 'فارس ياسر', 'Rwn8y8sQ2j', '2021-01-20 16:51:04'),
(165, 'أسماء محمد عبد السلام محمد ', 'TQHzD7Hkij', '2021-01-20 16:53:13'),
(166, 'حبيبه اسماعيل الشاملي ', '7c43lhSxgS', '2021-01-20 16:56:33'),
(167, 'وفاء حمدان الغرباوي عمر ', 'GkiwwbXSip', '2021-01-20 17:01:25'),
(168, 'محمد اكرامي محمد عبدالحميد', 'xU8MBybAho', '2021-01-20 17:02:55'),
(169, 'نسمة عبدالجواد', 'h3l6K2ERO9', '2021-01-20 17:05:31'),
(170, 'Mamdoh Gamal', 'ULVurJcU3L', '2021-01-20 17:20:42'),
(171, 'ممدوح جمال', 'bosnPPb0Ji', '2021-01-20 17:22:15'),
(172, 'Mandoh gmal', 'wzGXqdBrrV', '2021-01-20 17:33:18'),
(173, 'Mohamed hosne Aboash', 'njdX6Czew3', '2021-01-20 19:20:37'),
(174, 'ايمان مصطفى بكر ', 'PEDaBIIKun', '2021-01-20 19:57:15'),
(175, 'رحل شعبان جباره إبراهيم عرفه', '3Xn2DmGOAC', '2021-01-20 20:04:21'),
(176, 'مريم محمد أحمد بهنسي ', 'ImPL9NVRqX', '2021-01-20 21:30:35'),
(177, 'Ahmed Ahmed Fahmy', 'nrCEjE0vNR', '2021-01-20 21:39:14'),
(178, 'ابراهيم عماد ابراهيم ', '9pEeW6FJbb', '2021-01-20 21:54:54'),
(179, 'مرام مصطفى عبدالله البيلي', '0nmu9YiY9E', '2021-01-21 07:51:03'),
(180, 'احمد فهمي', 'lyIGEyRi7m', '2021-01-21 07:53:15'),
(181, 'Abdelrahman Elsanafawy', 'CpbIPwCX6X', '2021-01-21 09:31:50'),
(182, 'فاطمة أمين محمد ', 'BpCwXR766I', '2021-01-21 11:02:47'),
(183, 'كريمةعيدالسعيدعبدالله نصار', 'frreI4R3eR', '2021-01-21 14:09:12'),
(184, 'حبيبة عبدالناصر غازي محمد ', 'yfokaCDWAs', '2021-01-21 15:14:01'),
(185, 'مريم احمد الكومى', 'n5tLj6g6yi', '2021-01-21 16:12:29'),
(186, 'مريم احمد الكومى احمد', 'lcaRSA8zrY', '2021-01-21 16:27:35'),
(187, 'كريمةعيدالسعيدعبدالله', 'wOGX80jyr5', '2021-01-21 17:46:21'),
(188, 'اسراء واصف محسن يوسف', 'xDdx1jTcdd', '2021-01-21 18:26:07'),
(189, 'رؤى محمود حمدين الشافعي', 'BTIpxJ2biF', '2021-01-22 11:34:46'),
(190, 'منه الله اشرف ممدوح الجندي', 'lbE9CYzqJB', '2021-01-22 12:18:10'),
(191, 'أسماء محمود السيد ', 'HyYCpUOIXP', '2021-01-22 15:02:47'),
(192, ' محمد عبدالجواد ', 'EfhPCetasL', '2021-01-22 15:07:51'),
(193, 'نورا عاطف الشهاوي', 'E8uRgJlH3P', '2021-01-22 15:08:35'),
(194, 'محمد رشدى عبد القوي ', 'eFrWV2m99X', '2021-01-22 16:52:39'),
(195, 'أسماء محمد عواض أحمد', 'yv7diD4keQ', '2021-01-22 17:15:40'),
(196, 'شيماء حمدي عبدالله حسين', 'xjbTvDWsvY', '2021-01-22 17:52:37'),
(197, 'Aya elshamy ', '4btFjXPvFe', '2021-01-22 18:35:58'),
(198, 'نوران عبدالفتاح الغمرى ', 'hMFsmLmRXO', '2021-01-22 18:35:59'),
(199, 'دينا اسامه عبدالله فرج ', 'sFznAYKAcs', '2021-01-22 18:43:29'),
(200, 'إسراء محمد عواض أحمد sdfghjklzx', 'H0Tk2jYgUF', '2021-01-22 18:53:55'),
(201, 'اميره محمد محمود شاهين', 'khchI0sXjY', '2021-01-22 19:01:02'),
(202, ' معاذ أشرف عبدالله قطب ', 'KadtkIxkJV', '2021-01-22 19:11:00'),
(203, 'Shimaa Ali', 'NHa30Zwkkm', '2021-01-22 19:22:19'),
(204, 'Nehal Amer', 'SEkgtTPLnK', '2021-01-23 09:43:38'),
(205, 'السيد صالح السيد دياب', 'PiWGDF6vHW', '2021-01-23 15:38:15'),
(206, 'آلاء الحسينى عبد الستار موسى', 'YxkJ9KZ7pG', '2021-01-23 19:42:55'),
(207, 'السيد صالح دياب', 'QVIvxxRD6e', '2021-01-23 19:59:46'),
(208, 'Hanan Emad', 'bjOeITNV9f', '2021-01-23 20:35:43'),
(209, 'اسراء حسن عباس محمد', 'EdULz4kpvL', '2021-01-23 20:38:19'),
(210, 'السيد صالح السيد بياب', 'D9nuvVdwS2', '2021-01-24 03:26:03'),
(211, 'Elham', 'NoU1OuHDTs', '2021-01-24 07:17:47'),
(212, 'صفاء محمد يسرى سلامة', 'qa5wCIe3OV', '2021-01-24 09:26:28'),
(213, 'Elsaied salah Elsaied Diab', 'q6rUBVhslX', '2021-01-24 11:22:45'),
(214, 'محمد', 'xzSPwO65Qu', '2021-01-24 18:24:22'),
(215, 'عبدالله يوسف فتحي النجار', 'XtLOviAhEE', '2021-01-25 13:41:26'),
(216, 'أيه يوسف فتحي النجار', '4rJQZFV4PX', '2021-01-25 13:47:24'),
(217, 'Ziad ali', 'VNRFo3GNS0', '2021-01-25 17:20:18'),
(218, 'تغريد طلعت السعيد التاجر', 'CUGTnkzxpW', '2021-01-25 17:31:40'),
(219, 'تغريدطلعت السعيد التاجر', 'NVhorPCqV6', '2021-01-25 17:46:33'),
(220, 'تغريد طلعت السعيد التاجر', 'So4JGTWcKe', '2021-01-25 18:29:10'),
(221, 'السيد صالح دياب', 'QVIvxxRD6e', '2021-01-25 22:50:47'),
(222, ' حبيبة عبدالناصر غازي محمد ', 'pnT6o9A3fn', '2021-01-26 09:06:35'),
(223, 'منه الدسوقى بدير', 'zMb1U0YeA9', '2021-01-26 14:55:49'),
(224, 'Mahmoud', 'c8GLTcqRvK', '2021-01-26 14:59:49'),
(225, 'يوسف وائل يوسف عبدالواحد', 'ET1kvdfoKo', '2021-01-26 19:45:30'),
(226, 'سما محمود خميس ', '1GiZpOHN8F', '2021-01-27 17:00:43'),
(227, 'روان أشرف رمضان قاسم', 'SxZN0WAqJw', '2021-01-28 16:56:58'),
(228, 'اسماء محمد صالح', '2IvFIcM7Cu', '2021-01-28 18:45:57'),
(229, 'Azzahatem Nassar ', '80YgmzaNNW', '2021-01-29 13:27:49'),
(230, 'حسناء أنور السعيد محمد', 'DHWQEpl5MR', '2021-01-29 17:35:25'),
(231, 'وئام عادل عبد النبى أحمد', 'F2QNJvdWy6', '2021-01-29 19:13:40'),
(232, 'محمد عيد احمد غازى الحيطاوى', 'VmPYzjMTSC', '2021-01-30 14:24:10'),
(233, 'اسراء واصف محسن', 'PdCEqzkPLj', '2021-01-30 18:57:36'),
(234, 'essrraa', '1mDMu6w1Uc', '2021-01-30 19:05:54'),
(235, 'عائشه ', 'dLfz2qVxdZ', '2021-01-31 05:35:46'),
(236, 'ايه عصام احمد محمد', 'LUSZ08QYaw', '2021-01-31 20:58:53'),
(237, 'وئام عادل عبدالنبي أحمد', 'CnifAv996B', '2021-02-01 15:00:03'),
(238, 'Doaa mansour yousef ', 'REzOKa9j9P', '2021-02-01 18:36:31'),
(239, ' Mayada', 'XHjW9Zl8vl', '2021-02-02 14:13:18'),
(240, 'شيماء احمد جابر', 'V6fPn5uw60', '2021-02-03 18:05:08'),
(241, 'شيماء متولي ابراهيم فيوض', 'USjwZefPpT', '2021-02-04 10:46:11'),
(242, 'محمد أبوعاصي', 'KZ7mHGBS6Y', '2021-02-04 13:29:46'),
(243, 'ساره رمضان أحمد ', 'ErgwL2bLqI', '2021-02-05 14:32:16'),
(244, 'مي أشرف ممدوح الجندي', 'GxatBR3iRz', '2021-02-05 17:48:10'),
(245, 'مريم ياسر صابر الجوهري', 'DYhYa1rkwU', '2021-02-07 15:41:20'),
(246, 'رحمه عبد النبي الجوهري', 'xQn88k6dxd', '2021-02-07 16:04:22'),
(247, 'نورهان شكرى ابراهيم محمد ', 'TZ8ytACEPj', '2021-02-07 16:09:53'),
(248, 'Asmaa Mahmoud Mohamed', 'wgMtZQvYM6', '2021-02-07 17:02:47'),
(249, 'Abdullah Ahmed ', '0uFCwQMoKT', '2021-02-07 17:48:23'),
(250, 'فاطمة رضا', 'ctBUpqlHEP', '2021-02-07 18:27:06'),
(251, 'محمد عبدالله البرماوي', 'T93Brt1gTK', '2021-02-07 18:53:14'),
(252, 'شيماء سعيد الشحات محمد عبد الفتاح', 'bK1BJFUDkO', '2021-02-07 19:03:09'),
(253, 'ذيادمحمدصبرى على', 'NlnHXfBZwx', '2021-02-07 19:36:35'),
(254, 'محمد مصطفى سليمان ', 'Ks5z7MipSL', '2021-02-08 08:24:07'),
(255, 'شاهين احمد حلمي ', '9rD6VmW8bB', '2021-02-08 08:26:33'),
(256, 'اسماعيل حسيب شاهين', 'tXFk5xXZK6', '2021-02-08 11:16:00'),
(257, 'زياد تامر الشهاوى ', 'P19Tc8M3lY', '2021-02-08 12:10:16'),
(258, 'نورهان محمد قنديل عبيد', 'uVOHQFeg06', '2021-02-08 16:10:53'),
(259, 'عبدالمنعم مصطفي محمد العربي', 'Vp8i1Jqwch', '2021-02-08 16:16:33'),
(260, 'الاء طه دسوقي محمد', 'Baqzuf62Jb', '2021-02-08 16:18:23'),
(261, 'Rawan Fathy', 'S9i6jIHaTp', '2021-02-08 16:18:54'),
(262, 'إسراء عبده الخطيب ', 'uZqENUiVu9', '2021-02-08 16:59:00'),
(263, 'أسماء ياسر أبو صالح', 'obmDQsLapA', '2021-02-08 17:08:42'),
(264, 'إسراء أيمن عاطف محمد ', 'MWaPzsvshH', '2021-02-08 18:20:18'),
(265, 'فرح الحسيني متولي الشاذلي', 'QLZ533Cty2', '2021-02-08 18:22:04'),
(266, 'Reem Elsaid Mostafa Mekawy', 'caZx1Yfdbo', '2021-02-08 20:46:25'),
(267, 'ايمان صابر أحمد الفارسى ', 'PFMSjsQu0Q', '2021-02-09 09:34:26'),
(268, 'سها أحمد ممدوح يوسف', 'UGAJQvZVE2', '2021-02-09 19:41:14'),
(269, 'مريم نادر صبحى', 'THSiJQkUe4', '2021-02-09 22:14:13'),
(270, 'زياد تامر سعد الشهاوى', 'XlCBRVZDAm', '2021-02-10 16:26:03'),
(271, 'روان واصف احمد ', 'vs548VSxmj', '2021-02-11 00:00:03'),
(272, 'Esraa shreen', 'yu3nZGL8PB', '2021-02-16 10:03:08'),
(273, 'Nancy Mohamed ', 'cuqNrYSs6b', '2021-02-17 13:34:05'),
(274, 'Abdo Refeat', '9AU8y2cbzG', '2021-02-17 19:09:28'),
(275, 'Abdo Refeat tawfiq', 'KkuexHKBLD', '2021-02-17 19:11:38'),
(276, 'آيه ياسر راضى عوض ', '6vB5aIV3bZ', '2021-02-17 20:24:49'),
(277, 'Nada Elkeblawy ', 'E248vSzFzj', '2021-02-18 18:07:41'),
(278, 'محمود أيمن محمد العشري', 'IRcddZRpLe', '2021-02-20 19:07:58'),
(279, 'Ahmed Nabyh', 'U5ME8AREof', '2021-02-20 19:22:19'),
(280, 'احمد سامح احمد ', 'MjdDkv4BZv', '2021-02-20 19:46:40'),
(281, 'Ziad Amer', 'nmwYIGP1sx', '2021-02-20 21:14:21'),
(282, 'مريم مصطفى سليم ', 'cCXBPMfrzx', '2021-02-21 17:25:22'),
(283, ' علياء عبدالله محمد عبدالله', 'Ic0unpp2vk', '2021-02-28 08:54:43'),
(284, 'الاء السيد عبدالله السيد', 'k84HQPY0zb', '2021-02-28 13:32:25'),
(285, 'الاء الحسيني موسي', 'UXX97PF0R1', '2021-02-28 15:46:51'),
(286, 'Omnia saad', 'xVCXKNclcF', '2021-02-28 16:18:33'),
(287, 'عبدالله ايمن محمود عبد العاطي ', 'KKxSSMXpS2', '2021-03-06 17:41:49'),
(288, 'أسماء محمد عوض أحمد ', 'hWbgVFctuO', '2021-03-07 10:42:09');

--
-- Indexes for dumped tables
--

--
-- Indexes for table `answer`
--
ALTER TABLE `answer`
  ADD PRIMARY KEY (`id`);

--
-- Indexes for table `benfits`
--
ALTER TABLE `benfits`
  ADD PRIMARY KEY (`benfit_id`);

--
-- Indexes for table `category`
--
ALTER TABLE `category`
  ADD PRIMARY KEY (`category_id`);

--
-- Indexes for table `comments`
--
ALTER TABLE `comments`
  ADD PRIMARY KEY (`comment_id`),
  ADD KEY `comments` (`member_id`),
  ADD KEY `com` (`lesson_id`),
  ADD KEY `memb` (`post_id`);

--
-- Indexes for table `events`
--
ALTER TABLE `events`
  ADD PRIMARY KEY (`events_id`),
  ADD KEY `category` (`cat_id`);

--
-- Indexes for table `exams`
--
ALTER TABLE `exams`
  ADD PRIMARY KEY (`exam_id`);

--
-- Indexes for table `lessons`
--
ALTER TABLE `lessons`
  ADD PRIMARY KEY (`lesson_id`);

--
-- Indexes for table `lesson_member`
--
ALTER TABLE `lesson_member`
  ADD PRIMARY KEY (`lesson_member_id`),
  ADD KEY `lesson_id` (`lesson_id`),
  ADD KEY `member_id` (`member_id`);

--
-- Indexes for table `live`
--
ALTER TABLE `live`
  ADD PRIMARY KEY (`live_id`);

--
-- Indexes for table `members`
--
ALTER TABLE `members`
  ADD PRIMARY KEY (`userid`),
  ADD UNIQUE KEY `username` (`username`);

--
-- Indexes for table `message`
--
ALTER TABLE `message`
  ADD PRIMARY KEY (`id`),
  ADD KEY `user_message` (`user_id`);

--
-- Indexes for table `part`
--
ALTER TABLE `part`
  ADD PRIMARY KEY (`part_id`),
  ADD KEY `exam_id` (`exam_id`);

--
-- Indexes for table `post`
--
ALTER TABLE `post`
  ADD PRIMARY KEY (`post_id`),
  ADD KEY `user_name` (`users`);

--
-- Indexes for table `question`
--
ALTER TABLE `question`
  ADD PRIMARY KEY (`id`),
  ADD KEY `ques` (`exam_id`),
  ADD KEY `part_id` (`part_id`);

--
-- Indexes for table `user_token`
--
ALTER TABLE `user_token`
  ADD PRIMARY KEY (`id`);

--
-- AUTO_INCREMENT for dumped tables
--

--
-- AUTO_INCREMENT for table `answer`
--
ALTER TABLE `answer`
  MODIFY `id` int(11) NOT NULL AUTO_INCREMENT, AUTO_INCREMENT=101;

--
-- AUTO_INCREMENT for table `benfits`
--
ALTER TABLE `benfits`
  MODIFY `benfit_id` int(11) NOT NULL AUTO_INCREMENT;

--
-- AUTO_INCREMENT for table `category`
--
ALTER TABLE `category`
  MODIFY `category_id` int(11) NOT NULL AUTO_INCREMENT, AUTO_INCREMENT=36;

--
-- AUTO_INCREMENT for table `comments`
--
ALTER TABLE `comments`
  MODIFY `comment_id` int(11) NOT NULL AUTO_INCREMENT;

--
-- AUTO_INCREMENT for table `events`
--
ALTER TABLE `events`
  MODIFY `events_id` int(11) NOT NULL AUTO_INCREMENT;

--
-- AUTO_INCREMENT for table `exams`
--
ALTER TABLE `exams`
  MODIFY `exam_id` int(11) NOT NULL AUTO_INCREMENT, AUTO_INCREMENT=21;

--
-- AUTO_INCREMENT for table `lessons`
--
ALTER TABLE `lessons`
  MODIFY `lesson_id` int(11) NOT NULL AUTO_INCREMENT, AUTO_INCREMENT=120;

--
-- AUTO_INCREMENT for table `lesson_member`
--
ALTER TABLE `lesson_member`
  MODIFY `lesson_member_id` int(11) NOT NULL AUTO_INCREMENT, AUTO_INCREMENT=6;

--
-- AUTO_INCREMENT for table `live`
--
ALTER TABLE `live`
  MODIFY `live_id` int(11) NOT NULL AUTO_INCREMENT, AUTO_INCREMENT=4;

--
-- AUTO_INCREMENT for table `members`
--
ALTER TABLE `members`
  MODIFY `userid` int(11) NOT NULL AUTO_INCREMENT, AUTO_INCREMENT=534;

--
-- AUTO_INCREMENT for table `message`
--
ALTER TABLE `message`
  MODIFY `id` int(11) NOT NULL AUTO_INCREMENT, AUTO_INCREMENT=16;

--
-- AUTO_INCREMENT for table `part`
--
ALTER TABLE `part`
  MODIFY `part_id` int(11) NOT NULL AUTO_INCREMENT;

--
-- AUTO_INCREMENT for table `post`
--
ALTER TABLE `post`
  MODIFY `post_id` int(11) NOT NULL AUTO_INCREMENT, AUTO_INCREMENT=52;

--
-- AUTO_INCREMENT for table `question`
--
ALTER TABLE `question`
  MODIFY `id` int(11) NOT NULL AUTO_INCREMENT, AUTO_INCREMENT=76;

--
-- AUTO_INCREMENT for table `user_token`
--
ALTER TABLE `user_token`
  MODIFY `id` int(11) NOT NULL AUTO_INCREMENT, AUTO_INCREMENT=289;

--
-- Constraints for dumped tables
--

--
-- Constraints for table `comments`
--
ALTER TABLE `comments`
  ADD CONSTRAINT `com` FOREIGN KEY (`lesson_id`) REFERENCES `lessons` (`lesson_id`) ON DELETE CASCADE ON UPDATE CASCADE,
  ADD CONSTRAINT `comments` FOREIGN KEY (`member_id`) REFERENCES `members` (`userid`) ON DELETE CASCADE ON UPDATE CASCADE,
  ADD CONSTRAINT `memb` FOREIGN KEY (`post_id`) REFERENCES `post` (`post_id`) ON DELETE CASCADE ON UPDATE CASCADE;

--
-- Constraints for table `events`
--
ALTER TABLE `events`
  ADD CONSTRAINT `category` FOREIGN KEY (`cat_id`) REFERENCES `category` (`category_id`) ON DELETE CASCADE ON UPDATE CASCADE;

--
-- Constraints for table `message`
--
ALTER TABLE `message`
  ADD CONSTRAINT `user_message` FOREIGN KEY (`user_id`) REFERENCES `members` (`userid`) ON DELETE CASCADE ON UPDATE CASCADE;

--
-- Constraints for table `part`
--
ALTER TABLE `part`
  ADD CONSTRAINT `exam_id` FOREIGN KEY (`exam_id`) REFERENCES `exams` (`exam_id`) ON DELETE CASCADE ON UPDATE CASCADE;

--
-- Constraints for table `post`
--
ALTER TABLE `post`
  ADD CONSTRAINT `user_name` FOREIGN KEY (`users`) REFERENCES `members` (`userid`) ON DELETE CASCADE ON UPDATE CASCADE;

--
-- Constraints for table `question`
--
ALTER TABLE `question`
  ADD CONSTRAINT `part_id` FOREIGN KEY (`part_id`) REFERENCES `part` (`part_id`) ON DELETE CASCADE ON UPDATE CASCADE,
  ADD CONSTRAINT `ques` FOREIGN KEY (`exam_id`) REFERENCES `exams` (`exam_id`) ON DELETE CASCADE ON UPDATE CASCADE;
COMMIT;

/*!40101 SET CHARACTER_SET_CLIENT=@OLD_CHARACTER_SET_CLIENT */;
/*!40101 SET CHARACTER_SET_RESULTS=@OLD_CHARACTER_SET_RESULTS */;
/*!40101 SET COLLATION_CONNECTION=@OLD_COLLATION_CONNECTION */;
